{
"type": "FeatureCollection",
"name": "old_harvard_yard_photos",
"crs": { "type": "name", "properties": { "name": "urn:ogc:def:crs:OGC:1.3:CRS84" } },
"features": [
{ "type": "Feature", "properties": { "gpkg_fid": 1, "felt:feature": 1, "felt:has_geometry": true, "Group Member": "Alyssia", "Photograph Number": "", "Year": "1874", "Title": "Boylston Hall.", "Photographer": "William Notman & Son", "Given Information": "", "Added Description": "View of Boylston Hall with conifer", "Coordinates": "42.373818, -71.116835", "Y": "42.373818", "X": "-71.116835", "Link to Image": "no. 92 https://hollis.harvard.edu/primo-explore/viewcomponent/L/HVD_VIAolvgroup12122?vid=HVD2&imageId=urn-3:FHCL.HOUGH:2254019&adaptor=Local%20Search%20Engine ", "Image Address (old)": "https://ids.lib.harvard.edu/ids/iiif/11324715/full/,150/0/default.jpg", "Image Address": "https://i.imgur.com/F4Bl932.png" }, "geometry": { "type": "MultiPoint", "coordinates": [ [ -71.116835, 42.373818 ] ] } },
{ "type": "Feature", "properties": { "gpkg_fid": 2, "felt:feature": 2, "felt:has_geometry": true, "Group Member": "Alyssia", "Photograph Number": "", "Year": "1874", "Title": "Massachusetts Hall.", "Photographer": "William Notman & Son", "Given Information": "", "Added Description": "View of Massachusetts Hall", "Coordinates": "42.374609, -71.117602", "Y": "42.374609", "X": "-71.117602", "Link to Image": "no. 82 https://hollis.harvard.edu/primo-explore/viewcomponent/L/HVD_VIAolvgroup12122?vid=HVD2&imageId=urn-3:FHCL.HOUGH:2254019&adaptor=Local%20Search%20Engine ", "Image Address (old)": "https://ids.lib.harvard.edu/ids/iiif/11324705/full/,150/0/default.jpg", "Image Address": "https://i.imgur.com/aBKDcs9.png" }, "geometry": { "type": "MultiPoint", "coordinates": [ [ -71.117602, 42.374609 ] ] } },
{ "type": "Feature", "properties": { "gpkg_fid": 3, "felt:feature": 3, "felt:has_geometry": true, "Group Member": "Alyssia", "Photograph Number": "", "Year": "1874", "Title": "University Hall.", "Photographer": "William Notman & Son", "Given Information": "", "Added Description": "View of University Hall with conifer in front. No statue", "Coordinates": "42.374587, -71.117843", "Y": "42.374587", "X": "-71.117843", "Link to Image": "no. 83 https://hollis.harvard.edu/primo-explore/viewcomponent/L/HVD_VIAolvgroup12122?vid=HVD2&imageId=urn-3:FHCL.HOUGH:2254019&adaptor=Local%20Search%20Engine ", "Image Address (old)": "https://ids.lib.harvard.edu/ids/iiif/11324706/full/,150/0/default.jpg", "Image Address": "https://i.imgur.com/0NKa1Mm.png" }, "geometry": { "type": "MultiPoint", "coordinates": [ [ -71.117843, 42.374587 ] ] } },
{ "type": "Feature", "properties": { "gpkg_fid": 4, "felt:feature": 4, "felt:has_geometry": true, "Group Member": "Alyssia", "Photograph Number": "", "Year": "1874", "Title": "Weld Hall.", "Photographer": "William Notman & Son", "Given Information": "", "Added Description": "View of Weld Hall; 2 years after the construction of Weld Hall in 1874", "Coordinates": "42.374058, -71.117934", "Y": "42.374058", "X": "-71.117934", "Link to Image": "no. 90 https://hollis.harvard.edu/primo-explore/fulldisplay?docid=HVD_VIAolvwork416448&context=L&vid=HVD2&lang=en_US&search_scope=everything&adaptor=Local%20Search%20Engine&tab=everything&query=any,contains,weld%20hall%20photograph&offset=0 ", "Image Address (old)": "https://ids.lib.harvard.edu/ids/iiif/11324713/full/,150/0/default.jpg ", "Image Address": "https://i.imgur.com/OTFBQQh.png" }, "geometry": { "type": "MultiPoint", "coordinates": [ [ -71.117934, 42.374058 ] ] } },
{ "type": "Feature", "properties": { "gpkg_fid": 5, "felt:feature": 5, "felt:has_geometry": true, "Group Member": "Alyssia", "Photograph Number": "", "Year": "1878", "Title": "Boylston Hall (7) from Harvard and its surroundings", "Photographer": "(author) Moses King and Thomas Parker Ivy", "Given Information": "", "Added Description": "Back (Massachusetts Avenue) view of Boylston", "Coordinates": "42.373135, -71.117107", "Y": "42.373135", "X": "-71.117107", "Link to Image": "https://www.loc.gov/resource/gdcmassbookdig.harvarditssurrou01king/?sp=41&r=-0.032,0.166,1.212,0.421,0 ", "Image Address (old)": "https://tile.loc.gov/image-services/iiif/public:gdcmassbookdig:harvarditssurrou01king:harvarditssurrou01king_0041/full/pct:25.0/0/default.jpg#h=606&w=483", "Image Address": "https://tile.loc.gov/image-services/iiif/public:gdcmassbookdig:harvarditssurrou01king:harvarditssurrou01king_0041/full/pct:25.0/0/default.jpg#h=606&w=483" }, "geometry": { "type": "MultiPoint", "coordinates": [ [ -71.117107, 42.373135 ] ] } },
{ "type": "Feature", "properties": { "gpkg_fid": 6, "felt:feature": 6, "felt:has_geometry": true, "Group Member": "Alyssia", "Photograph Number": "", "Year": "1878", "Title": "University Hall (10) from Harvard and its surroundings", "Photographer": "(author) Moses King and Thomas Parker Ivy", "Given Information": "", "Added Description": "University Hall; No statue", "Coordinates": "42.374536, -71.117539", "Y": "42.374536", "X": "-71.117539", "Link to Image": "https://www.loc.gov/resource/gdcmassbookdig.harvarditssurrou01king/?sp=47&r=-0.2,0.584,1.461,0.507,0 ", "Image Address (old)": "https://tile.loc.gov/image-services/iiif/public:gdcmassbookdig:harvarditssurrou01king:harvarditssurrou01king_0047/full/pct:25.0/0/default.jpg#h=606&w=483", "Image Address": "https://tile.loc.gov/image-services/iiif/public:gdcmassbookdig:harvarditssurrou01king:harvarditssurrou01king_0047/full/pct:25.0/0/default.jpg#h=606&w=483" }, "geometry": { "type": "MultiPoint", "coordinates": [ [ -71.117539, 42.374536 ] ] } },
{ "type": "Feature", "properties": { "gpkg_fid": 7, "felt:feature": 7, "felt:has_geometry": true, "Group Member": "Alyssia", "Photograph Number": "", "Year": "1878", "Title": "Weld Hall (9) from Harvard and its surroundings", "Photographer": "(author) Moses King and Thomas Parker Ivy", "Given Information": "", "Added Description": "View of Weld Hall; Gore Hall visible in the background", "Coordinates": "42.374357, -71.117496", "Y": "42.374357", "X": "-71.117496", "Link to Image": "https://www.loc.gov/resource/gdcmassbookdig.harvarditssurrou01king/?sp=51&r=-0.662,0.05,2.324,0.806,0 ", "Image Address (old)": "https://tile.loc.gov/image-services/iiif/public:gdcmassbookdig:harvarditssurrou01king:harvarditssurrou01king_0051/full/pct:25.0/0/default.jpg#h=606&w=483", "Image Address": "https://tile.loc.gov/image-services/iiif/public:gdcmassbookdig:harvarditssurrou01king:harvarditssurrou01king_0051/full/pct:25.0/0/default.jpg#h=606&w=483" }, "geometry": { "type": "MultiPoint", "coordinates": [ [ -71.117496, 42.374357 ] ] } },
{ "type": "Feature", "properties": { "gpkg_fid": 8, "felt:feature": 8, "felt:has_geometry": true, "Group Member": "Alyssia", "Photograph Number": "", "Year": "1891", "Title": "[Boylston, Hall, Harvard University, Cambridge, Mass., 1891]", "Photographer": "Charles H. Thurston", "Given Information": "", "Added Description": "View of Boylston Hall", "Coordinates": "42.373582, -71.116883", "Y": "42.373582", "X": "-71.116883", "Link to Image": "https://www.loc.gov/item/2018661861/ ", "Image Address (old)": "https://tile.loc.gov/storage-services/service/pnp/cph/3a20000/3a23000/3a23900/3a23936_150px.jpg#h=118&w=150", "Image Address": "https://tile.loc.gov/storage-services/service/pnp/cph/3a20000/3a23000/3a23900/3a23936_150px.jpg#h=118&w=150" }, "geometry": { "type": "MultiPoint", "coordinates": [ [ -71.116883, 42.373582 ] ] } },
{ "type": "Feature", "properties": { "gpkg_fid": 9, "felt:feature": 9, "felt:has_geometry": true, "Group Member": "Alyssia", "Photograph Number": "", "Year": "1891", "Title": "[Weld Hall, Harvard University, Cambridge, Mass., 1891]", "Photographer": "Charles H. Thurston", "Given Information": "", "Added Description": "View of Weld Hall", "Coordinates": "42.373715, -71.117554", "Y": "42.373715", "X": "-71.117554", "Link to Image": "https://www.loc.gov/item/2018661860/ ", "Image Address (old)": "https://tile.loc.gov/storage-services/service/pnp/cph/3a20000/3a23000/3a23900/3a23935_150px.jpg#h=117&w=150", "Image Address": "https://tile.loc.gov/storage-services/service/pnp/cph/3a20000/3a23000/3a23900/3a23935_150px.jpg#h=117&w=150" }, "geometry": { "type": "MultiPoint", "coordinates": [ [ -71.117554, 42.373715 ] ] } },
{ "type": "Feature", "properties": { "gpkg_fid": 10, "felt:feature": 10, "felt:has_geometry": true, "Group Member": "Alyssia", "Photograph Number": "", "Year": "1893", "Title": "Hollis and Stoughton Halls in 1893", "Photographer": "", "Given Information": "", "Added Description": "View of Hollis Hall and Stoughton Hall", "Coordinates": "42.374643, -71.117202", "Y": "42.374643", "X": "-71.117202", "Link to Image": "no. 27 https://hollis.harvard.edu/primo-explore/viewcomponent/L/HVD_VIAolvsite6556?vid=HVD2&imageId=urn-3:GSD.loeb:111388&adaptor= ", "Image Address (old)": "https://ids.lib.harvard.edu/ids/iiif/642836/full/,150/0/default.jpg", "Image Address": "https://i.imgur.com/OGD6Mt5.png" }, "geometry": { "type": "MultiPoint", "coordinates": [ [ -71.117202, 42.374643 ] ] } },
{ "type": "Feature", "properties": { "gpkg_fid": 11, "felt:feature": 11, "felt:has_geometry": true, "Group Member": "Alyssia", "Photograph Number": "", "Year": "1900", "Title": "Yard in 1900", "Photographer": "", "Given Information": "", "Added Description": "Matthews Hall and Grays Hall and Massachusetts Halls", "Coordinates": "42.374694, -71.117178", "Y": "42.374694", "X": "-71.117178", "Link to Image": "no. 17 https://hollis.harvard.edu/primo-explore/viewcomponent/L/HVD_VIAolvsite6556?vid=HVD2&imageId=urn-3:GSD.loeb:111388&adaptor= ", "Image Address (old)": "https://ids.lib.harvard.edu/ids/iiif/642804/full/,150/0/default.jpg", "Image Address": "https://i.imgur.com/0kGbkdZ.png" }, "geometry": { "type": "MultiPoint", "coordinates": [ [ -71.117178, 42.374694 ] ] } },
{ "type": "Feature", "properties": { "gpkg_fid": 12, "felt:feature": 12, "felt:has_geometry": true, "Group Member": "Alyssia", "Photograph Number": "", "Year": "1904", "Title": "Yard in 1904 ", "Photographer": "", "Given Information": "", "Added Description": "Corner of University Hall", "Coordinates": "42.374054, -71.117575", "Y": "42.374054", "X": "-71.117575", "Link to Image": "no. 16 https://hollis.harvard.edu/primo-explore/viewcomponent/L/HVD_VIAolvsite6556?vid=HVD2&imageId=urn-3:GSD.loeb:111388&adaptor= ", "Image Address (old)": "https://ids.lib.harvard.edu/ids/iiif/642803/full/,150/0/default.jpg", "Image Address": "https://i.imgur.com/BifDviy.png" }, "geometry": { "type": "MultiPoint", "coordinates": [ [ -71.117575, 42.374054 ] ] } },
{ "type": "Feature", "properties": { "gpkg_fid": 13, "felt:feature": 13, "felt:has_geometry": true, "Group Member": "Alyssia", "Photograph Number": "", "Year": "1905", "Title": "Yard in 1905", "Photographer": "", "Given Information": "", "Added Description": "View from John Harvard Statue looking towards Johnston Gate", "Coordinates": "42.374506, -71.117299", "Y": "42.374506", "X": "-71.117299", "Link to Image": "no. 20 https://hollis.harvard.edu/primo-explore/viewcomponent/L/HVD_VIAolvsite6556?vid=HVD2&imageId=urn-3:GSD.loeb:111388&adaptor= ", "Image Address (old)": "https://ids.lib.harvard.edu/ids/iiif/642799/full/,150/0/default.jpg", "Image Address": "https://i.imgur.com/kND5o0L.png" }, "geometry": { "type": "MultiPoint", "coordinates": [ [ -71.117299, 42.374506 ] ] } },
{ "type": "Feature", "properties": { "gpkg_fid": 14, "felt:feature": 14, "felt:has_geometry": true, "Group Member": "Alyssia", "Photograph Number": "", "Year": "1906", "Title": "Harvard University, Cambridge, Mass.", "Photographer": "Blanchard, Young & Co.", "Given Information": "Postcard shows the Harvard College commons with the Gore Hall Library centered in the background.", "Added Description": "View of Gore Hall", "Coordinates": "42.373054, -71.116727", "Y": "42.373054", "X": "-71.116727", "Link to Image": "https://www.loc.gov/item/2013647054/ ", "Image Address (old)": "https://tile.loc.gov/storage-services/service/pnp/ds/02400/02403v.jpg#h=346&w=1024", "Image Address": "https://tile.loc.gov/storage-services/service/pnp/ds/02400/02403v.jpg#h=346&w=1024" }, "geometry": { "type": "MultiPoint", "coordinates": [ [ -71.116727, 42.373054 ] ] } },
{ "type": "Feature", "properties": { "gpkg_fid": 15, "felt:feature": 15, "felt:has_geometry": true, "Group Member": "Alyssia", "Photograph Number": "", "Year": "1906", "Title": "The Square, Harvard University, Cambridge, Mass.", "Photographer": "Blanchard, Young & Co.", "Given Information": "Postcard shows the buildings surrounding the Harvard College Commons, front elevations of buildings from a distance.", "Added Description": "View of Yard from Grays Hall", "Coordinates": "42.373921, -71.117831", "Y": "42.373921", "X": "-71.117831", "Link to Image": "https://www.loc.gov/pictures/item/2013647056/", "Image Address (old)": "https://cdn.loc.gov/service/pnp/ds/02400/02405r.jpg", "Image Address": "https://cdn.loc.gov/service/pnp/ds/02400/02405r.jpg" }, "geometry": { "type": "MultiPoint", "coordinates": [ [ -71.117831, 42.373921 ] ] } },
{ "type": "Feature", "properties": { "gpkg_fid": 16, "felt:feature": 16, "felt:has_geometry": true, "Group Member": "Alyssia", "Photograph Number": "", "Year": "1907", "Title": "View of Yard and Harvard Hall, 1907 ", "Photographer": "", "Given Information": "", "Added Description": "View Matthews Hall, Massachusetts Hall, and Harvard Halls", "Coordinates": "42.374706, -71.117162", "Y": "42.374706", "X": "-71.117162", "Link to Image": "no. 26 https://hollis.harvard.edu/primo-explore/viewcomponent/L/HVD_VIAolvsite6556?vid=HVD2&imageId=urn-3:GSD.loeb:111388&adaptor= ", "Image Address (old)": "https://ids.lib.harvard.edu/ids/iiif/642816/full/,150/0/default.jpg", "Image Address": "https://i.imgur.com/b2MAb6I.png" }, "geometry": { "type": "MultiPoint", "coordinates": [ [ -71.117162, 42.374706 ] ] } },
{ "type": "Feature", "properties": { "gpkg_fid": 17, "felt:feature": 17, "felt:has_geometry": false, "Group Member": "Alyssia", "Photograph Number": "", "Year": "1850-1930", "Title": "Boylston Hall -- Harvard College", "Photographer": "King & Pearson", "Given Information": "", "Added Description": "View of Boylston Hall. Conifer", "Coordinates": "42.37394, - 71.11737", "Y": "42.37394", "X": "- 71.11737", "Link to Image": "https://hollis.harvard.edu/primo-explore/fulldisplay?docid=TN_cdi_nypl_digitalcollections_fa269620-c543-012f-7912-58d385a7bc34&context=PC&vid=HVD2&lang=en_US&search_scope=everything&adaptor=primo_central_multiple_fe&tab=everything&query=any,contains,boylston%20hall&offset=0 ", "Image Address (old)": "https://images.nypl.org/index.php?id=G90F228_041F&t=w", "Image Address": "https://images.nypl.org/index.php?id=G90F228_041F&t=w" }, "geometry": { "type": "MultiPoint", "coordinates": [ ] } },
{ "type": "Feature", "properties": { "gpkg_fid": 18, "felt:feature": 18, "felt:has_geometry": true, "Group Member": "Alyssia", "Photograph Number": "", "Year": "1890-1899", "Title": "The Yard, Harvard College", "Photographer": "Detroit Publishing Co.", "Given Information": "", "Added Description": "View of University hall; No statue", "Coordinates": "42.373976, -71.117520", "Y": "42.373976", "X": "-71.117520", "Link to Image": "https://www.loc.gov/resource/det.4a05828/", "Image Address (old)": "https://cdn.loc.gov/service/pnp/det/4a00000/4a05000/4a05800/4a05828r.jpg", "Image Address": "https://cdn.loc.gov/service/pnp/det/4a00000/4a05000/4a05800/4a05828r.jpg" }, "geometry": { "type": "MultiPoint", "coordinates": [ [ -71.11752, 42.373976 ] ] } },
{ "type": "Feature", "properties": { "gpkg_fid": 19, "felt:feature": 19, "felt:has_geometry": true, "Group Member": "Alyssia", "Photograph Number": "", "Year": "1890-1899", "Title": "The Yard, Harvard College", "Photographer": "Detroit Publishing Co.", "Given Information": "", "Added Description": "View of Weld and University Hall", "Coordinates": "42.373976, -71.117520", "Y": "42.373976", "X": "-71.117520", "Link to Image": "https://www.loc.gov/resource/det.4a05827/", "Image Address (old)": "https://cdn.loc.gov/service/pnp/det/4a00000/4a05000/4a05800/4a05827r.jpg", "Image Address": "https://cdn.loc.gov/service/pnp/det/4a00000/4a05000/4a05800/4a05827r.jpg" }, "geometry": { "type": "MultiPoint", "coordinates": [ [ -71.11752, 42.373976 ] ] } },
{ "type": "Feature", "properties": { "gpkg_fid": 20, "felt:feature": 20, "felt:has_geometry": true, "Group Member": "Alyssia", "Photograph Number": "", "Year": "1890-99", "Title": "Memorial Hall and John Harvard Statue, Harvard College", "Photographer": "Detroit Publishing Co.", "Given Information": "", "Added Description": "John Harvard Statue used to be outside of Annenberg", "Coordinates": "42.376021, -71.116119", "Y": "42.376021", "X": "-71.116119", "Link to Image": "https://www.loc.gov/item/2016801209/ ", "Image Address (old)": "https://tile.loc.gov/storage-services/service/pnp/det/4a00000/4a07000/4a07100/4a07119v.jpg#h=805&w=1024", "Image Address": "https://tile.loc.gov/storage-services/service/pnp/det/4a00000/4a07000/4a07100/4a07119v.jpg#h=805&w=1024" }, "geometry": { "type": "MultiPoint", "coordinates": [ [ -71.116119, 42.376021 ] ] } },
{ "type": "Feature", "properties": { "gpkg_fid": 21, "felt:feature": 21, "felt:has_geometry": true, "Group Member": "Alyssia", "Photograph Number": "", "Year": "1910-20", "Title": "University Hall, Cambridge, Mass.", "Photographer": "Detroit Publishing Co.", "Given Information": "", "Added Description": "Ivy on University Hall; no John Harvard statue", "Coordinates": "42.374763, -71.117297", "Y": "42.374763", "X": "-71.117297", "Link to Image": "https://www.loc.gov/resource/det.4a24048/ ", "Image Address (old)": "https://tile.loc.gov/storage-services/service/pnp/det/4a20000/4a24000/4a24000/4a24048v.jpg#h=813&w=1024", "Image Address": "https://tile.loc.gov/storage-services/service/pnp/det/4a20000/4a24000/4a24000/4a24048v.jpg#h=813&w=1024" }, "geometry": { "type": "MultiPoint", "coordinates": [ [ -71.117297, 42.374763 ] ] } },
{ "type": "Feature", "properties": { "gpkg_fid": 22, "felt:feature": 22, "felt:has_geometry": true, "Group Member": "Alyssia", "Photograph Number": "", "Year": "1910", "Title": "Harvard University #5, Cambridge, Mass.", "Photographer": "Haines Photo Co.", "Given Information": "", "Added Description": "Panorama of yard from Grays Hall", "Coordinates": "42.373833, -71.117659", "Y": "42.373833", "X": "-71.117659", "Link to Image": "https://www.loc.gov/pictures/item/2007661034/", "Image Address (old)": "https://cdn.loc.gov/service/pnp/pan/6a06000/6a06200/6a06270r.jpg", "Image Address": "https://cdn.loc.gov/service/pnp/pan/6a06000/6a06200/6a06270r.jpg" }, "geometry": { "type": "MultiPoint", "coordinates": [ [ -71.117659, 42.373833 ] ] } },
{ "type": "Feature", "properties": { "gpkg_fid": 23, "felt:feature": 23, "felt:has_geometry": true, "Group Member": "Alyssia", "Photograph Number": "", "Year": "1906", "Title": "Boylston Hall, Harvard University circa 1906 (page 14)", "Photographer": "", "Given Information": "", "Added Description": "View of Boylston, Ivy on buildings", "Coordinates": "42.373669, -71.117525", "Y": "42.373669", "X": "-71.117525", "Link to Image": "https://huh.harvard.edu/media-gallery/detail/1375087/1077727 ", "Image Address (old)": "https://huh.harvard.edu/sites/hwpi.harvard.edu/files/styles/media_gallery_large/public/herbaria/files/page14_boylstonhall.jpg?m=1616778959&itok=_kIuWb7q ", "Image Address": "https://huh.harvard.edu/sites/hwpi.harvard.edu/files/styles/media_gallery_large/public/herbaria/files/page14_boylstonhall.jpg?m=1616778959&itok=_kIuWb7q " }, "geometry": { "type": "MultiPoint", "coordinates": [ [ -71.117525, 42.373669 ] ] } },
{ "type": "Feature", "properties": { "gpkg_fid": 24, "felt:feature": 24, "felt:has_geometry": true, "Group Member": "Alyssia", "Photograph Number": "", "Year": "1950", "Title": "[Students crossing Harvard Yard, photograph, ca. 1950]", "Photographer": "", "Given Information": "", "Added Description": "Ivy on University Hall; snow on ground", "Coordinates": "42.374591, -71.117886", "Y": "42.374591", "X": "-71.117886", "Link to Image": "https://hollis.harvard.edu/primo-explore/fulldisplay?docid=HVD_VIAolvwork361423&context=L&vid=HVD2&lang=en_US&search_scope=everything&adaptor=Local%20Search%20Engine&tab=everything&query=any,contains,harvard%20yard%20photograph&offset=0 ", "Image Address (old)": "https://ids.lib.harvard.edu/ids/iiif/6146789/full/,150/0/default.jpg", "Image Address": "https://i.imgur.com/Z0Rg7Vm.png" }, "geometry": { "type": "MultiPoint", "coordinates": [ [ -71.117886, 42.374591 ] ] } },
{ "type": "Feature", "properties": { "gpkg_fid": 25, "felt:feature": 25, "felt:has_geometry": true, "Group Member": "Alyssia", "Photograph Number": "", "Year": "1885", "Title": "College yard looking south, winter [photograph, 1885]", "Photographer": "Notman Photographic Co., Boston, Mass., United States [photographer] ", "Given Information": "", "Added Description": "Snow in the Yard", "Coordinates": "42.374437, -71.117258", "Y": "42.374437", "X": "-71.117258", "Link to Image": "https://hollis.harvard.edu/primo-explore/fulldisplay?docid=HVD_VIAolvwork688361&context=L&vid=HVD2&lang=en_US&search_scope=everything&adaptor=Local%20Search%20Engine&tab=everything&query=any,contains,harvard%20yard%20photograph&offset=40 ", "Image Address (old)": "https://ids.lib.harvard.edu/ids/iiif/44912288/full/,150/0/default.jpg", "Image Address": "https://i.imgur.com/9FDsVdH.png" }, "geometry": { "type": "MultiPoint", "coordinates": [ [ -71.117258, 42.374437 ] ] } },
{ "type": "Feature", "properties": { "gpkg_fid": 26, "felt:feature": 26, "felt:has_geometry": true, "Group Member": "Alyssia", "Photograph Number": "", "Year": "Date Unknown", "Title": "Trees and paths", "Photographer": "", "Given Information": "", "Added Description": "View of Hollis Hall and Stoughton and Holworthy", "Coordinates": "42.374343, -71.117427", "Y": "42.374343", "X": "-71.117427", "Link to Image": "no. 15 https://hollis.harvard.edu/primo-explore/viewcomponent/L/HVD_VIAolvsite6556?vid=HVD2&imageId=urn-3:GSD.loeb:111388&adaptor=  ", "Image Address (old)": "https://ids.lib.harvard.edu/ids/iiif/642805/full/,150/0/default.jpg", "Image Address": "https://i.imgur.com/riBkErA.png" }, "geometry": { "type": "MultiPoint", "coordinates": [ [ -71.117427, 42.374343 ] ] } },
{ "type": "Feature", "properties": { "gpkg_fid": 27, "felt:feature": 27, "felt:has_geometry": true, "Group Member": "Alyssia", "Photograph Number": "", "Year": "1943", "Title": "Supply School students march through the Yard past John Harvard Statue [photograph], March 26, 1943", "Photographer": "Harvard University. Office of News and Public Affairs", "Given Information": "Navy. Supply School Corps", "Added Description": "Men with guns march through the Yard", "Coordinates": "42.374591, -71.117151", "Y": "42.374591", "X": "-71.117151", "Link to Image": "https://hollis.harvard.edu/primo-explore/fulldisplay?docid=HVD_VIAolvwork615117&context=L&vid=HVD2&lang=en_US&search_scope=everything&adaptor=Local%20Search%20Engine&tab=everything&query=any,contains,harvard%20yard%20photograph&offset=20 ", "Image Address (old)": "https://ids.lib.harvard.edu/ids/iiif/32955050/full/,150/0/default.jpg", "Image Address": "https://i.imgur.com/TF6SXkB.png" }, "geometry": { "type": "MultiPoint", "coordinates": [ [ -71.117151, 42.374591 ] ] } },
{ "type": "Feature", "properties": { "gpkg_fid": 28, "felt:feature": 28, "felt:has_geometry": true, "Group Member": "Avery", "Photograph Number": "", "Year": "1840", "Title": "Holworthy Hall", "Photographer": "William Notman", "Given Information": "N/A", "Added Description": "View of Holworthy", "Coordinates": "42.375127, -71.117260", "Y": "42.375127", "X": "-71.11726", "Link to Image": "http://id.lib.harvard.edu/via/olvwork416443/catalog", "Image Address (old)": "blob:https://imgur.com/0259ef0b-d8fb-4f92-806b-5d20cc80848c", "Image Address": "https://i.imgur.com/KUWkTxJ.jpeg" }, "geometry": { "type": "MultiPoint", "coordinates": [ [ -71.11726, 42.375127 ] ] } },
{ "type": "Feature", "properties": { "gpkg_fid": 29, "felt:feature": 29, "felt:has_geometry": true, "Group Member": "Avery", "Photograph Number": "", "Year": "1858", "Title": "Holworthy Hall", "Photographer": "John Adams Whipple", "Given Information": "Dimensions: image: 14 x 19.2 cm (5 1/2 x 7 9/16 in.)", "Added Description": "View of Holworthy", "Coordinates": "42.375186, -71.117024", "Y": "42.375186", "X": "-71.117024", "Link to Image": "http://id.lib.harvard.edu/via/HUAM155691/catalog", "Image Address (old)": "https://ids.lib.harvard.edu/ids/iiif/18785507/full/,150/0/default.jpg", "Image Address": "https://i.imgur.com/M7Cwtet.jpeg" }, "geometry": { "type": "MultiPoint", "coordinates": [ [ -71.117024, 42.375186 ] ] } },
{ "type": "Feature", "properties": { "gpkg_fid": 30, "felt:feature": 30, "felt:has_geometry": false, "Group Member": "Avery", "Photograph Number": "5", "Year": "1859", "Title": "Photographic views of Hollis Hall, 1856-1959. HUV 33 Box 1, Folder 1, Harvard University Archives.", "Photographer": "", "Given Information": "", "Added Description": "View of Hollis Hall", "Coordinates": "42.374830, -71.117657", "Y": "42.374830", "X": "--71.117657", "Link to Image": "https://iiif.lib.harvard.edu/manifests/view/drs:53636128$5i", "Image Address (old)": "https://ids.lib.harvard.edu/ids/iiif/53636788/full/,150/0/default.jpg", "Image Address": "https://i.imgur.com/qjQBAtO.jpeg" }, "geometry": { "type": "MultiPoint", "coordinates": [ ] } },
{ "type": "Feature", "properties": { "gpkg_fid": 31, "felt:feature": 31, "felt:has_geometry": true, "Group Member": "Avery", "Photograph Number": "11", "Year": "1859", "Title": "Photographic views of Hollis Hall, 1856-1959. HUV 33 Box 1, Folder 1, Harvard University Archives.", "Photographer": "", "Given Information": "", "Added Description": "View of Hollis Hall", "Coordinates": "42.374751, -71.117640", "Y": "42.374751", "X": "-71.11764", "Link to Image": "https://iiif.lib.harvard.edu/manifests/view/drs:53636128$11i", "Image Address (old)": "https://ids.lib.harvard.edu/ids/iiif/53636263/full/,150/0/default.jpg", "Image Address": "https://i.imgur.com/RZYCeee.jpeg" }, "geometry": { "type": "MultiPoint", "coordinates": [ [ -71.11764, 42.374751 ] ] } },
{ "type": "Feature", "properties": { "gpkg_fid": 32, "felt:feature": 32, "felt:has_geometry": false, "Group Member": "Avery", "Photograph Number": "", "Year": "1874", "Title": "Hollis Hall", "Photographer": "William Notman & Son", "Given Information": "Dimensions: 13 x 18 centimeters", "Added Description": "View of Hollis Hall", "Coordinates": "42.374949, -71.117458", "Y": "42.374949", "X": "--71.117458", "Link to Image": "http://id.lib.harvard.edu/via/olvwork416447/catalog", "Image Address (old)": "https://ids.lib.harvard.edu/ids/iiif/11324712/full/,150/0/default.jpg", "Image Address": "https://i.imgur.com/CLVyJVf.jpeg" }, "geometry": { "type": "MultiPoint", "coordinates": [ ] } },
{ "type": "Feature", "properties": { "gpkg_fid": 33, "felt:feature": 33, "felt:has_geometry": true, "Group Member": "Avery", "Photograph Number": "", "Year": "1874", "Title": "Thayer Hall", "Photographer": "William Notman", "Given Information": "Dimensions: 13 x 18 centimeters", "Added Description": "View of Thayer Hall", "Coordinates": "42.375151, -71.117286", "Y": "42.375151", "X": "-71.117286", "Link to Image": "http://id.lib.harvard.edu/via/olvwork416442/catalog", "Image Address (old)": "https://ids.lib.harvard.edu/ids/iiif/11324708/full/,150/0/default.jpg", "Image Address": "https://i.imgur.com/616owIL.jpeg" }, "geometry": { "type": "MultiPoint", "coordinates": [ [ -71.117286, 42.375151 ] ] } },
{ "type": "Feature", "properties": { "gpkg_fid": 34, "felt:feature": 34, "felt:has_geometry": true, "Group Member": "Hayden", "Photograph Number": "", "Year": "date unkown", "Title": "Exterior view of lamont and widener memorial library", "Photographer": "unkown", "Given Information": "Dimensions: 18 x 10 inches, gelatin silver process", "Added Description": "Exterior view of lamont and houghton library", "Coordinates": "42.373382, -71.115772", "Y": "42.373382", "X": "-71.115772", "Link to Image": "http://id.lib.harvard.edu/via/olvwork309060/catalog", "Image Address (old)": "https://ids.lib.harvard.edu/ids/iiif/4830927/full/,150/0/default.jpg", "Image Address": "https://imgur.com/RdndBd7" }, "geometry": { "type": "MultiPoint", "coordinates": [ [ -71.115772, 42.373382 ] ] } },
{ "type": "Feature", "properties": { "gpkg_fid": 35, "felt:feature": 35, "felt:has_geometry": true, "Group Member": "Avery", "Photograph Number": "1", "Year": "1932", "Title": "Photographic views of Memorial Church, 1931-1986. HUV 53A Box 1, Folder 4, seq. 1", "Photographer": "", "Given Information": "", "Added Description": "View of Memorial Church", "Coordinates": "42.374389, -71.116003", "Y": "42.374389", "X": "-71.116003", "Link to Image": "https://iiif.lib.harvard.edu/manifests/view/drs:53636131$1i", "Image Address (old)": "file:///Users/averybritt/Downloads/53636580%20(1).jpg", "Image Address": "https://i.imgur.com/YuvwdTj.jpeg" }, "geometry": { "type": "MultiPoint", "coordinates": [ [ -71.116003, 42.374389 ] ] } },
{ "type": "Feature", "properties": { "gpkg_fid": 36, "felt:feature": 36, "felt:has_geometry": true, "Group Member": "Avery", "Photograph Number": "3", "Year": "1932", "Title": "Photographic views of Memorial Church, 1931-1986. HUV 53A Box 1, Folder 4, seq. 3", "Photographer": "", "Given Information": "", "Added Description": "View of Memorial church", "Coordinates": "42.375103, -71.116458", "Y": "42.375103", "X": "-71.116458", "Link to Image": "https://iiif.lib.harvard.edu/manifests/view/drs:53636131$3i", "Image Address (old)": "file:///Users/averybritt/Downloads/53636182%20(1).jpg", "Image Address": "https://i.imgur.com/3qlDWgF.jpeg" }, "geometry": { "type": "MultiPoint", "coordinates": [ [ -71.116458, 42.375103 ] ] } },
{ "type": "Feature", "properties": { "gpkg_fid": 37, "felt:feature": 37, "felt:has_geometry": true, "Group Member": "Avery", "Photograph Number": "13", "Year": "1936", "Title": "Photographic views of Memorial Church, 1931-1986. HUV 53A Box 1, Folder 6, seq. 13", "Photographer": "", "Given Information": "", "Added Description": "View of Memorial Church", "Coordinates": "42.374501, -71.116334", "Y": "42.374501", "X": "-71.116334", "Link to Image": "https://iiif.lib.harvard.edu/manifests/view/drs:53636118$13i", "Image Address (old)": "https://ids.lib.harvard.edu/ids/iiif/53636371/full/,150/0/default.jpg", "Image Address": "https://i.imgur.com/rP2R92H.jpeg" }, "geometry": { "type": "MultiPoint", "coordinates": [ [ -71.116334, 42.374501 ] ] } },
{ "type": "Feature", "properties": { "gpkg_fid": 38, "felt:feature": 38, "felt:has_geometry": true, "Group Member": "Avery", "Photograph Number": "17", "Year": "1936", "Title": "Photographic views of Memorial Church, 1931-1986. HUV 53A Box 1, Folder 6, seq. 17", "Photographer": "", "Given Information": "", "Added Description": "View of Memorial Church", "Coordinates": "42.374299, -71.116104", "Y": "42.374299", "X": "-71.116104", "Link to Image": "https://iiif.lib.harvard.edu/manifests/view/drs:53636118$17i", "Image Address (old)": "https://ids.lib.harvard.edu/ids/iiif/53636781/full/,150/0/default.jpg", "Image Address": "https://i.imgur.com/eRHpnA6.jpeg" }, "geometry": { "type": "MultiPoint", "coordinates": [ [ -71.116104, 42.374299 ] ] } },
{ "type": "Feature", "properties": { "gpkg_fid": 39, "felt:feature": 39, "felt:has_geometry": true, "Group Member": "Avery", "Photograph Number": "9", "Year": "1938", "Title": "Photographic views of Memorial Church, 1931-1986. HUV 53A Box 1, Folder 8, seq. 9", "Photographer": "", "Given Information": "", "Added Description": "View of Memorial Church", "Coordinates": "42.374742, -71.116431", "Y": "42.374742", "X": "-71.116431", "Link to Image": "https://iiif.lib.harvard.edu/manifests/view/drs:53636111$9i", "Image Address (old)": "https://ids.lib.harvard.edu/ids/iiif/53636229/full/,150/0/default.jpg", "Image Address": "https://i.imgur.com/vgllKkj.jpeg" }, "geometry": { "type": "MultiPoint", "coordinates": [ [ -71.116431, 42.374742 ] ] } },
{ "type": "Feature", "properties": { "gpkg_fid": 40, "felt:feature": 40, "felt:has_geometry": true, "Group Member": "Avery", "Photograph Number": "11", "Year": "1942", "Title": "Photographic views of Memorial Church, 1931-1986. HUV 53A Box 1, Folder 9, seq. 11", "Photographer": "", "Given Information": "", "Added Description": "View of Memorial Church", "Coordinates": "42.373653, -71.115964", "Y": "42.373653", "X": "-71.115964", "Link to Image": "https://iiif.lib.harvard.edu/manifests/view/drs:53636129$11i", "Image Address (old)": "https://ids.lib.harvard.edu/ids/iiif/53636723/full/,150/0/default.jpg", "Image Address": "https://i.imgur.com/72kIWnr.jpeg" }, "geometry": { "type": "MultiPoint", "coordinates": [ [ -71.115964, 42.373653 ] ] } },
{ "type": "Feature", "properties": { "gpkg_fid": 41, "felt:feature": 41, "felt:has_geometry": true, "Group Member": "Avery", "Photograph Number": "13", "Year": "1943", "Title": "Photographic views of Memorial Church, 1931-1986. HUV 53A Box 1, Folder 9, seq. 13", "Photographer": "", "Given Information": "", "Added Description": "View of Memorial Church", "Coordinates": "42.374402, -71.116458", "Y": "42.374402", "X": "-71.116458", "Link to Image": "https://iiif.lib.harvard.edu/manifests/view/drs:53636129$13i", "Image Address (old)": "https://ids.lib.harvard.edu/ids/iiif/53636696/full/,150/0/default.jpg", "Image Address": "https://i.imgur.com/UYtjg5b.jpeg" }, "geometry": { "type": "MultiPoint", "coordinates": [ [ -71.116458, 42.374402 ] ] } },
{ "type": "Feature", "properties": { "gpkg_fid": 42, "felt:feature": 42, "felt:has_geometry": true, "Group Member": "Avery", "Photograph Number": "7", "Year": "1950", "Title": "Photographic views of Memorial Church, 1931-1986. HUV 53A Box 1, Folder 10, seq. 7", "Photographer": "", "Given Information": "", "Added Description": "View of Memorial Church", "Coordinates": "42.374326, -71.116125", "Y": "42.374326", "X": "-71.116125", "Link to Image": "https://iiif.lib.harvard.edu/manifests/view/drs:53636134$7i", "Image Address (old)": "https://ids.lib.harvard.edu/ids/iiif/53636446/full/,150/0/default.jpg", "Image Address": "https://i.imgur.com/rzSCS1a.jpeg" }, "geometry": { "type": "MultiPoint", "coordinates": [ [ -71.116125, 42.374326 ] ] } },
{ "type": "Feature", "properties": { "gpkg_fid": 43, "felt:feature": 43, "felt:has_geometry": true, "Group Member": "Avery", "Photograph Number": "19", "Year": "1950", "Title": "Photographic views of Memorial Church, 1931-1986. HUV 53A Box 1, Folder 14, seq. 19", "Photographer": "", "Given Information": "", "Added Description": "View of Memorial Church", "Coordinates": "42.374521, -71.116428", "Y": "42.374521", "X": "-71.116428", "Link to Image": "https://iiif.lib.harvard.edu/manifests/view/drs:53636122$19i", "Image Address (old)": "https://ids.lib.harvard.edu/ids/iiif/53636470/full/,150/0/default.jpg", "Image Address": "https://i.imgur.com/aV3GKGu.jpeg" }, "geometry": { "type": "MultiPoint", "coordinates": [ [ -71.116428, 42.374521 ] ] } },
{ "type": "Feature", "properties": { "gpkg_fid": 44, "felt:feature": 44, "felt:has_geometry": true, "Group Member": "Avery", "Photograph Number": "2", "Year": "1952", "Title": "Photographic views of Memorial Church, 1931-1986. HUV 53A Box 1, Folder 11, seq. 2", "Photographer": "", "Given Information": "", "Added Description": "View of Memorial Church", "Coordinates": "42.374536, -71.115991", "Y": "42.374536", "X": "-71.115991", "Link to Image": "https://iiif.lib.harvard.edu/manifests/view/drs:53636108$1i", "Image Address (old)": "https://ids.lib.harvard.edu/ids/iiif/53636587/full/,150/0/default.jpg", "Image Address": "https://i.imgur.com/teF761e.jpeg" }, "geometry": { "type": "MultiPoint", "coordinates": [ [ -71.115991, 42.374536 ] ] } },
{ "type": "Feature", "properties": { "gpkg_fid": 45, "felt:feature": 45, "felt:has_geometry": true, "Group Member": "Avery", "Photograph Number": "5", "Year": "1953", "Title": "Photographic views of Memorial Church, 1931-1986. HUV 53A Box 1, Folder 11, seq. 6", "Photographer": "", "Given Information": "", "Added Description": "View of Memorial Church", "Coordinates": "42.374469, -71.116490", "Y": "42.374469", "X": "-71.11649", "Link to Image": "https://iiif.lib.harvard.edu/manifests/view/drs:53636108$5i", "Image Address (old)": "https://ids.lib.harvard.edu/ids/iiif/53636710/full/,150/0/default.jpg", "Image Address": "https://i.imgur.com/K3wCEI8.jpeg" }, "geometry": { "type": "MultiPoint", "coordinates": [ [ -71.11649, 42.374469 ] ] } },
{ "type": "Feature", "properties": { "gpkg_fid": 46, "felt:feature": 46, "felt:has_geometry": true, "Group Member": "Avery", "Photograph Number": "", "Year": "1955", "Title": "View of Memorial church ", "Photographer": "Unkown", "Given Information": "N/A", "Added Description": "View of Memorial Church", "Coordinates": "42.374421, -71.116025", "Y": "42.374421", "X": "-71.116025", "Link to Image": "http://id.lib.harvard.edu/via/olvwork720385/catalog", "Image Address (old)": "blob:https://imgur.com/b156e709-83d1-49d5-b295-789ae051670a", "Image Address": "https://i.imgur.com/TZ3PdEy.jpeg" }, "geometry": { "type": "MultiPoint", "coordinates": [ [ -71.116025, 42.374421 ] ] } },
{ "type": "Feature", "properties": { "gpkg_fid": 47, "felt:feature": 47, "felt:has_geometry": true, "Group Member": "Avery", "Photograph Number": "1", "Year": "1960", "Title": "Photographic views of Memorial Church, 1931-1986. HUV 53A Box 1, Folder 13, seq. 1", "Photographer": "", "Given Information": "", "Added Description": "View of Memorial Church", "Coordinates": "42.374540, -71.116508", "Y": "42.374540", "X": "-71.116508", "Link to Image": "https://iiif.lib.harvard.edu/manifests/view/drs:53636109$1i", "Image Address (old)": "https://ids.lib.harvard.edu/ids/iiif/53636252/full/,150/0/default.jpg", "Image Address": "https://i.imgur.com/fuxwEH0.jpeg" }, "geometry": { "type": "MultiPoint", "coordinates": [ [ -71.116508, 42.37454 ] ] } },
{ "type": "Feature", "properties": { "gpkg_fid": 48, "felt:feature": 48, "felt:has_geometry": true, "Group Member": "Avery", "Photograph Number": "3", "Year": "1962", "Title": "Photographic views of Memorial Church, 1931-1986. HUV 53A Box 1, Folder 13, seq. 3", "Photographer": "", "Given Information": "", "Added Description": "View of Memorial Church", "Coordinates": "42.374354, -71.116158", "Y": "42.374354", "X": "-71.116158", "Link to Image": "https://iiif.lib.harvard.edu/manifests/view/drs:53636109$3i", "Image Address (old)": "https://ids.lib.harvard.edu/ids/iiif/53636327/full/,150/0/default.jpg", "Image Address": "https://i.imgur.com/NbccI9M.jpeg" }, "geometry": { "type": "MultiPoint", "coordinates": [ [ -71.116158, 42.374354 ] ] } },
{ "type": "Feature", "properties": { "gpkg_fid": 49, "felt:feature": 49, "felt:has_geometry": false, "Group Member": "Avery", "Photograph Number": "7", "Year": "1980", "Title": "Photographic views of Memorial Church, 1931-1986. HUV 53A Box 1, Folder 14, seq. 7", "Photographer": "", "Given Information": "", "Added Description": "View of Memorial Church", "Coordinates": "42.375563, -71.116307", "Y": "42.375563", "X": "--71.116307", "Link to Image": "https://iiif.lib.harvard.edu/manifests/view/drs:53636122$7i", "Image Address (old)": "https://ids.lib.harvard.edu/ids/iiif/53636249/full/,150/0/default.jpg", "Image Address": "https://i.imgur.com/msqGDLc.jpeg" }, "geometry": { "type": "MultiPoint", "coordinates": [ ] } },
{ "type": "Feature", "properties": { "gpkg_fid": 50, "felt:feature": 50, "felt:has_geometry": true, "Group Member": "Avery", "Photograph Number": "", "Year": "1861-1866", "Title": "View of the Old Yard (Harvard, Hollis, Stoughton and Holworthy Halls)", "Photographer": "Unknown", "Given Information": "Dimensions: image: 14.8 x 20 cm (5 13/16 x 7 7/8 in.)", "Added Description": "View of the Old Yard (Harvard, Hollis, Stoughton and Holworthy Halls)", "Coordinates": "42.374732, -71.117654", "Y": "42.374732", "X": "-71.117654", "Link to Image": "http://id.lib.harvard.edu/via/HUAM71417/catalog", "Image Address (old)": "https://i.imgur.com/1qRnWFQ.jpeg", "Image Address": "https://i.imgur.com/4CLQmzO.jpeg" }, "geometry": { "type": "MultiPoint", "coordinates": [ [ -71.117654, 42.374732 ] ] } },
{ "type": "Feature", "properties": { "gpkg_fid": 51, "felt:feature": 51, "felt:has_geometry": true, "Group Member": "Avery", "Photograph Number": "11", "Year": "1931-1932", "Title": "Photographic views of Memorial Church, 1931-1986. HUV 53A Box 1, Folder 4, seq. 11", "Photographer": "", "Given Information": "", "Added Description": "View of Memorial church", "Coordinates": "42.374501, -71.116136", "Y": "42.374501", "X": "-71.116136", "Link to Image": "https://iiif.lib.harvard.edu/manifests/view/drs:53636131$11i", "Image Address (old)": "https://ids.lib.harvard.edu/ids/iiif/53636491/full/,150/0/default.jpg", "Image Address": "https://i.imgur.com/KkUgy16.jpeg" }, "geometry": { "type": "MultiPoint", "coordinates": [ [ -71.116136, 42.374501 ] ] } },
{ "type": "Feature", "properties": { "gpkg_fid": 52, "felt:feature": 52, "felt:has_geometry": true, "Group Member": "Avery", "Photograph Number": "13", "Year": "1931-1932", "Title": "Photographic views of Memorial Church, 1931-1986. HUV 53A Box 1, Folder 4, seq. 13", "Photographer": "", "Given Information": "", "Added Description": "View of Memorial Church", "Coordinates": "42.374743, -71.116351", "Y": "42.374743", "X": "-71.116351", "Link to Image": "https://iiif.lib.harvard.edu/manifests/view/drs:53636131$13i", "Image Address (old)": "https://ids.lib.harvard.edu/ids/iiif/53636461/full/,150/0/default.jpg", "Image Address": "https://i.imgur.com/sQNUmSC.jpeg" }, "geometry": { "type": "MultiPoint", "coordinates": [ [ -71.116351, 42.374743 ] ] } },
{ "type": "Feature", "properties": { "gpkg_fid": 53, "felt:feature": 53, "felt:has_geometry": true, "Group Member": "Avery", "Photograph Number": "9", "Year": "1931-1932", "Title": "Photographic views of Memorial Church, 1931-1986. HUV 53A Box 1, Folder 4, seq. 9", "Photographer": "", "Given Information": "", "Added Description": "View of Memorial church", "Coordinates": "42.374613, -71.115869", "Y": "42.374613", "X": "-71.115869", "Link to Image": "https://iiif.lib.harvard.edu/manifests/view/drs:53636131$9i", "Image Address (old)": "https://ids.lib.harvard.edu/ids/iiif/53636461/full/,150/0/default.jpg", "Image Address": "https://i.imgur.com/poXKpw9.jpeg" }, "geometry": { "type": "MultiPoint", "coordinates": [ [ -71.115869, 42.374613 ] ] } },
{ "type": "Feature", "properties": { "gpkg_fid": 54, "felt:feature": 54, "felt:has_geometry": true, "Group Member": "Mia", "Photograph Number": "", "Year": "1930", "Title": "Harvard Yard [photograph, ca. 1930]", "Photographer": "Unknown", "Given Information": "", "Added Description": "", "Coordinates": "42.374918, -71.117109", "Y": "42.374918", "X": "-71.117109", "Link to Image": "https://hollis.harvard.edu/primo-explore/fulldisplay?docid=HVD_VIAolvwork361412&context=L&vid=HVD2&lang=en_US&search_scope=everything&adaptor=Local%20Search%20Engine&tab=everything&query=any,contains,harvard%20yard&facet=rtype,include,images&offset=0", "Image Address (old)": "", "Image Address": "https://i.imgur.com/OLFvkIk.jpeg" }, "geometry": { "type": "MultiPoint", "coordinates": [ [ -71.117109, 42.374918 ] ] } },
{ "type": "Feature", "properties": { "gpkg_fid": 55, "felt:feature": 55, "felt:has_geometry": true, "Group Member": "Avery", "Photograph Number": "1", "Year": "1940-1944", "Title": "Photographic views of Memorial Church, 1931-1986. HUV 53A Box 1, Folder 8, seq. 1", "Photographer": "", "Given Information": "", "Added Description": "View of Memorial Church", "Coordinates": "42.373823, -71.116882", "Y": "42.373823", "X": "-71.116882", "Link to Image": "https://iiif.lib.harvard.edu/manifests/view/drs:53636111$1i", "Image Address (old)": "https://ids.lib.harvard.edu/ids/iiif/53636655/full/,150/0/default.jpg", "Image Address": "https://i.imgur.com/SHY0MCF.jpeg" }, "geometry": { "type": "MultiPoint", "coordinates": [ [ -71.116882, 42.373823 ] ] } },
{ "type": "Feature", "properties": { "gpkg_fid": 56, "felt:feature": 56, "felt:has_geometry": true, "Group Member": "Avery", "Photograph Number": "19", "Year": "1944-1945", "Title": "Photographic views of Memorial Church, 1931-1986. HUV 53A Box 1, Folder 9, seq. 19", "Photographer": "", "Given Information": "", "Added Description": "View of Memorial Church", "Coordinates": "42.373807, -71.115841", "Y": "42.373807", "X": "-71.115841", "Link to Image": "https://iiif.lib.harvard.edu/manifests/view/drs:53636129$19i", "Image Address (old)": "https://ids.lib.harvard.edu/ids/iiif/53636373/full/,150/0/default.jpg", "Image Address": "https://i.imgur.com/l1Sk61p.jpeg" }, "geometry": { "type": "MultiPoint", "coordinates": [ [ -71.115841, 42.373807 ] ] } },
{ "type": "Feature", "properties": { "gpkg_fid": 57, "felt:feature": 57, "felt:has_geometry": true, "Group Member": "Avery", "Photograph Number": "13", "Year": "1960-1967", "Title": "Photographic views of Memorial Church, 1931-1986. HUV 53A Box 1, Folder 13, seq. 13", "Photographer": "", "Given Information": "", "Added Description": "View of Memorial Church", "Coordinates": "42.373734, -71.116877", "Y": "42.373734", "X": "-71.116877", "Link to Image": "https://iiif.lib.harvard.edu/manifests/view/drs:53636109$13i", "Image Address (old)": "https://ids.lib.harvard.edu/ids/iiif/53636755/full/,150/0/default.jpg", "Image Address": "https://i.imgur.com/um1CFg5.jpeg" }, "geometry": { "type": "MultiPoint", "coordinates": [ [ -71.116877, 42.373734 ] ] } },
{ "type": "Feature", "properties": { "gpkg_fid": 58, "felt:feature": 58, "felt:has_geometry": true, "Group Member": "Mia", "Photograph Number": "", "Year": "1892", "Title": "Harvard Yard about 1892 [photograph", "Photographer": "Unknown", "Given Information": "", "Added Description": "", "Coordinates": "42.373781, -71.118129", "Y": "42.373781", "X": "-71.118129", "Link to Image": "https://hollis.harvard.edu/primo-explore/fulldisplay?docid=HVD_VIAolvwork423535&context=L&vid=HVD2&lang=en_US&search_scope=everything&adaptor=Local%20Search%20Engine&tab=everything&query=any,contains,%22harvard%20yard%22%20harvard&facet=genre,include,photographs&offset=0", "Image Address (old)": "", "Image Address": "https://i.imgur.com/SEzPPdg.jpeg" }, "geometry": { "type": "MultiPoint", "coordinates": [ [ -71.118129, 42.373781 ] ] } },
{ "type": "Feature", "properties": { "gpkg_fid": 59, "felt:feature": 59, "felt:has_geometry": true, "Group Member": "Avery", "Photograph Number": "", "Year": "1932", "Title": "View of Memorial Church", "Photographer": "Unknown", "Given Information": "N/A", "Added Description": "View of Memorial Church", "Coordinates": "42.374706, -71.116329", "Y": "42.374706", "X": "-71.116329", "Link to Image": "https://commons.ptsem.edu/id/ma419jtanis", "Image Address (old)": "https://i.imgur.com/PNX1URN.jpeg", "Image Address": "https://i.imgur.com/PNX1URN.jpeg" }, "geometry": { "type": "MultiPoint", "coordinates": [ [ -71.116329, 42.374706 ] ] } },
{ "type": "Feature", "properties": { "gpkg_fid": 60, "felt:feature": 60, "felt:has_geometry": true, "Group Member": "Alyssia", "Photograph Number": "", "Year": "ca. 1892", "Title": "Harvard Yard about 1892 [photograph]", "Photographer": "", "Given Information": "", "Added Description": "University Hall visible", "Coordinates": "42.374080, -71.118044", "Y": "42.374080", "X": "-71.118044", "Link to Image": "https://hollis.harvard.edu/primo-explore/fulldisplay?docid=HVD_VIAolvwork423535&context=L&vid=HVD2&lang=en_US&search_scope=everything&adaptor=Local%20Search%20Engine&tab=everything&query=any,contains,harvard%20yard%20photograph&offset=0 ", "Image Address (old)": "https://ids.lib.harvard.edu/ids/iiif/12325352/full/,150/0/default.jpg", "Image Address": "https://i.imgur.com/Wab91ru.png" }, "geometry": { "type": "MultiPoint", "coordinates": [ [ -71.118044, 42.37408 ] ] } },
{ "type": "Feature", "properties": { "gpkg_fid": 61, "felt:feature": 61, "felt:has_geometry": true, "Group Member": "Mia", "Photograph Number": "", "Year": "1900", "Title": "Harvard Yard trees [photograph, ca. 1900", "Photographer": "Unknown", "Given Information": "", "Added Description": "", "Coordinates": "42.374867, -71.117129", "Y": "42.374867", "X": "-71.117129", "Link to Image": "https://hollis.harvard.edu/primo-explore/fulldisplay?docid=HVD_VIAolvwork361340&context=L&vid=HVD2&lang=en_US&search_scope=everything&adaptor=Local%20Search%20Engine&tab=everything&query=any,contains,%22harvard%20yard%22%20harvard&facet=genre,include,photographs&offset=0", "Image Address (old)": "", "Image Address": "https://i.imgur.com/Fz400bN.jpeg" }, "geometry": { "type": "MultiPoint", "coordinates": [ [ -71.117129, 42.374867 ] ] } },
{ "type": "Feature", "properties": { "gpkg_fid": 62, "felt:feature": 62, "felt:has_geometry": true, "Group Member": "Alyssia", "Photograph Number": "", "Year": "ca. 1900", "Title": "Harvard Yard trees [photograph, ca. 1900]", "Photographer": "", "Given Information": "", "Added Description": "Elm trees cut down; most of canopy of Yard gone", "Coordinates": "42.374970, -71.116939", "Y": "42.374970", "X": "-71.116939", "Link to Image": "https://hollis.harvard.edu/primo-explore/fulldisplay?docid=HVD_VIAolvwork361340&context=L&vid=HVD2&lang=en_US&search_scope=everything&adaptor=Local%20Search%20Engine&tab=everything&query=any,contains,harvard%20yard%20photograph&offset=20 ", "Image Address (old)": "https://ids.lib.harvard.edu/ids/iiif/6146776/full/,150/0/default.jpg", "Image Address": "https://i.imgur.com/2BFTslN.png" }, "geometry": { "type": "MultiPoint", "coordinates": [ [ -71.116939, 42.37497 ] ] } },
{ "type": "Feature", "properties": { "gpkg_fid": 63, "felt:feature": 63, "felt:has_geometry": true, "Group Member": "Avery ", "Photograph Number": "11", "Year": "1936", "Title": "Photographic views of Memorial Church, 1931-1986. HUV 53A Box 1, Folder 6, seq. 11", "Photographer": "", "Given Information": "", "Added Description": "View of Memorial Church", "Coordinates": "42.374394, -71.116436", "Y": "42.374394", "X": "-71.116436", "Link to Image": "https://iiif.lib.harvard.edu/manifests/view/drs:53636118$11i", "Image Address (old)": "https://ids.lib.harvard.edu/ids/iiif/53636389/full/,150/0/default.jpg", "Image Address": "https://i.imgur.com/uwXRtyx.jpeg" }, "geometry": { "type": "MultiPoint", "coordinates": [ [ -71.116436, 42.374394 ] ] } },
{ "type": "Feature", "properties": { "gpkg_fid": 64, "felt:feature": 64, "felt:has_geometry": true, "Group Member": "Cody", "Photograph Number": "", "Year": "1726", "Title": "gen. view of Harvard Hall, Stoughton Hall and Massachusetts Hall from Burgis Price engraving, 1726 ", "Photographer": "", "Given Information": "", "Added Description": "Engraving of the old Harvard Yard from outside the Harvard Yard.", "Coordinates": "42.374848, -71.118920", "Y": "42.374848", "X": "-71.118920", "Link to Image": "http://id.lib.harvard.edu/via/olvsite34666/urn-3:GSD.loeb:4311111/catalog", "Image Address (old)": "", "Image Address": "https://i.imgur.com/MB0eFSo.png" }, "geometry": { "type": "MultiPoint", "coordinates": [ [ -71.11892, 42.374848 ] ] } },
{ "type": "Feature", "properties": { "gpkg_fid": 65, "felt:feature": 65, "felt:has_geometry": true, "Group Member": "Cody", "Photograph Number": "", "Year": "1767", "Title": "Westerly view of the Colleges in Cambridge New England [Harvard College]", "Photographer": "Revere, Paul, 1735-1818, American [artist]", "Given Information": "", "Added Description": "Painting of the westerly view of Harvard Yard.", "Coordinates": "42.374980, -71.119560", "Y": "42.374980", "X": "-71.119560", "Link to Image": "http://id.lib.harvard.edu/via/olvwork169847/catalog", "Image Address (old)": "", "Image Address": "https://i.imgur.com/qpx8Tex.jpeg" }, "geometry": { "type": "MultiPoint", "coordinates": [ [ -71.11956, 42.37498 ] ] } },
{ "type": "Feature", "properties": { "gpkg_fid": 66, "felt:feature": 66, "felt:has_geometry": true, "Group Member": "Cody", "Photograph Number": "", "Year": "1794", "Title": "Hollis, Harvard, and Massachusetts Halls at Cambridge, N. England / Jonathan Fisher del. et pinx, 1794, no. 6.", "Photographer": "", "Given Information": "This watercolor painting by Harvard graduate student Jonathan Fisher depicts Hollis, Harvard, and Massachusetts Halls in the Harvard College Yard in Cambridge, Massachusetts. Small pin holes were punched in every window pane depicted in the painting for artistic effect. The oval gouache drawing is enclosed by an ink border and embellished with two painted ribbons. The top ribbon contains the inscription: \"Hollis, Harvard, and Massachusetts Halls, at Cambridge, N. England,\" and the bottom ribbon contains the handwritten text: Jonathan Fisher del. et. pinx. 1794.\" The drawing is dated \"No. 6.\"", "Added Description": "Watercolor painting by Harvard graduate student Jonathan Fisher depicts Hollis, Harvard, and Massachusetts Halls in the Harvard College Yard.", "Coordinates": "42.375263, -71.118741", "Y": "42.375263", "X": "-71.118741", "Link to Image": "http://id.lib.harvard.edu/via/olvwork671391/catalog", "Image Address (old)": "https://ids.lib.harvard.edu/ids/iiif/44672373/full/,150/0/default.jpg", "Image Address": "https://i.imgur.com/9tUzlQo.png" }, "geometry": { "type": "MultiPoint", "coordinates": [ [ -71.118741, 42.375263 ] ] } },
{ "type": "Feature", "properties": { "gpkg_fid": 67, "felt:feature": 67, "felt:has_geometry": true, "Group Member": "Cody", "Photograph Number": "", "Year": "1795", "Title": "View of the colleges, at Cambridge, Massachusetts, 1795", "Photographer": " Curtis and Cameron of a 1795 watercolor by Houdin Dorgemont", "Given Information": "Black and white reproduction print by Curtis and Cameron of a 1795 watercolor by Houdin Dorgemont. Left to right: Holden Chapel, Hollis Hall, Harvard Hall, Stoughton Hall, and Massachusetts Hall.", "Added Description": "Drawing of Massachusetts Hall and Harvard Hall from outside the yard.", "Coordinates": "42.374986, -71.119257", "Y": "42.374986", "X": "-71.119257", "Link to Image": "http://id.lib.harvard.edu/via/olvwork288904/catalog", "Image Address (old)": "", "Image Address": "https://i.imgur.com/vRl6EpM.png" }, "geometry": { "type": "MultiPoint", "coordinates": [ [ -71.119257, 42.374986 ] ] } },
{ "type": "Feature", "properties": { "gpkg_fid": 68, "felt:feature": 68, "felt:has_geometry": true, "Group Member": "Cody", "Photograph Number": "", "Year": "1796", "Title": "A View of Harvard College. 1796", "Photographer": "Croswell, Andrew, 1778-1858.", "Given Information": "", "Added Description": "Water color painting of Harvard yard.", "Coordinates": "42.376332, -71.120272", "Y": "42.376332", "X": "-71.120272", "Link to Image": "https://id.lib.harvard.edu/alma/990123512280203941/catalog", "Image Address (old)": "", "Image Address": "https://i.imgur.com/6lth8KZ.png" }, "geometry": { "type": "MultiPoint", "coordinates": [ [ -71.120272, 42.376332 ] ] } },
{ "type": "Feature", "properties": { "gpkg_fid": 69, "felt:feature": 69, "felt:has_geometry": true, "Group Member": "Cody", "Photograph Number": "", "Year": "1804", "Title": "Northwesterly view of Harvard [Hall], with part of Massachusetts and Hollis, taken by the rules of perspective", "Photographer": "", "Given Information": "", "Added Description": "Image of Northwesterly view of Harvard Hall", "Coordinates": "42.375263, -71.118454", "Y": "42.375263", "X": "-71.118454", "Link to Image": "http://id.lib.harvard.edu/via/olvwork173411/catalog", "Image Address (old)": "https://ids.lib.harvard.edu/ids/iiif/531213/full/,150/0/default.jpg", "Image Address": "https://i.imgur.com/bJGV6W7.png" }, "geometry": { "type": "MultiPoint", "coordinates": [ [ -71.118454, 42.375263 ] ] } },
{ "type": "Feature", "properties": { "gpkg_fid": 70, "felt:feature": 70, "felt:has_geometry": true, "Group Member": "Cody", "Photograph Number": "", "Year": "1865", "Title": "Massachusetts Hall, Harvard College", "Photographer": "", "Given Information": "", "Added Description": "Image of Mass hall with ivy covering facade.", "Coordinates": "42.374717, -71.118217", "Y": "42.374717", "X": "-71.118217", "Link to Image": "https://hollis.harvard.edu/permalink/f/1mdq5o5/TN_cdi_artstor_primary_CORNELL_ADWHITE_1039420545_71000", "Image Address (old)": "", "Image Address": "https://i.imgur.com/zpPZpTh.png" }, "geometry": { "type": "MultiPoint", "coordinates": [ [ -71.118217, 42.374717 ] ] } },
{ "type": "Feature", "properties": { "gpkg_fid": 71, "felt:feature": 71, "felt:has_geometry": true, "Group Member": "Cody", "Photograph Number": "", "Year": "1867", "Title": "Hollis Hall, [photograph],1867.", "Photographer": "", "Given Information": "", "Added Description": "Image of Hollis hall and Holden Chapel.", "Coordinates": "42.375229, -71.118623", "Y": "42.375229", "X": "-71.118623", "Link to Image": "Hollis Hall, [photograph],1867.", "Image Address (old)": "https://ids.lib.harvard.edu/ids/iiif/44306191/full/,150/0/default.jpg", "Image Address": "https://i.imgur.com/pfBE7sL.png" }, "geometry": { "type": "MultiPoint", "coordinates": [ [ -71.118623, 42.375229 ] ] } },
{ "type": "Feature", "properties": { "gpkg_fid": 72, "felt:feature": 72, "felt:has_geometry": true, "Group Member": "Cody", "Photograph Number": "", "Year": "1870", "Title": "[Hollis, Holworthy and Stoughton Halls, engraving ca. 1870]", "Photographer": "French, E. D. ", "Given Information": "", "Added Description": "Engraving of Hollis, Holworthy, and Stoughton halls in Harvard yard.", "Coordinates": "42.374717, -71.117715", "Y": "42.374717", "X": "-71.117715", "Link to Image": "http://id.lib.harvard.edu/via/olvwork455710/catalog", "Image Address (old)": "", "Image Address": "https://i.imgur.com/mViJYKQ.png" }, "geometry": { "type": "MultiPoint", "coordinates": [ [ -71.117715, 42.374717 ] ] } },
{ "type": "Feature", "properties": { "gpkg_fid": 73, "felt:feature": 73, "felt:has_geometry": true, "Group Member": "Cody", "Photograph Number": "", "Year": "1874", "Title": "Harvard Yard with snow on the ground.", "Photographer": "William Notman & Son, Montreal,", "Given Information": "Massachusetts Hall, Hollis Hall, and other buildings seen through trees in Harvard Yard, Harvard University Cambridge (Mass.). Photograph by William Notman & Son.", "Added Description": "Harvard yard in winter with snow covering the ground.", "Coordinates": "42.374828, -71.117150", "Y": "42.374828", "X": "-71.117150", "Link to Image": "http://id.lib.harvard.edu/via/olvwork416436/catalog", "Image Address (old)": "https://ids.lib.harvard.edu/ids/iiif/11324702/full/,150/0/default.jpg", "Image Address": "https://i.imgur.com/loRmA7T.png" }, "geometry": { "type": "MultiPoint", "coordinates": [ [ -71.11715, 42.374828 ] ] } },
{ "type": "Feature", "properties": { "gpkg_fid": 74, "felt:feature": 74, "felt:has_geometry": true, "Group Member": "Cody", "Photograph Number": "", "Year": "1874", "Title": "Harvard Yard with snow on the ground.", "Photographer": "William Notman & Son, Montreal,", "Given Information": "Matthews Hall, Massachusetts Hall, Harvard Hall, and Hollis Hall in Harvard Yard, Harvard University, Cambridge (Mass.). Photograph by William Notman & Son.", "Added Description": "Harvard yard, facing Mathews dormitory with snow on the ground.", "Coordinates": "42.373914, -71.117730", "Y": "42.373914", "X": "-71.117730", "Link to Image": "http://id.lib.harvard.edu/via/olvwork416434/catalog", "Image Address (old)": "https://ids.lib.harvard.edu/ids/iiif/11324700/full/,150/0/default.jpg", "Image Address": "https://i.imgur.com/zmzhdQ5.png" }, "geometry": { "type": "MultiPoint", "coordinates": [ [ -71.11773, 42.373914 ] ] } },
{ "type": "Feature", "properties": { "gpkg_fid": 75, "felt:feature": 75, "felt:has_geometry": true, "Group Member": "Cody", "Photograph Number": "", "Year": "1874", "Title": "Holden Chapel.", "Photographer": "William Notman & Son,", "Given Information": "", "Added Description": "Image of Holden Chapel from outside the Harvard Yard.", "Coordinates": "42.375276, -71.118464", "Y": "42.375276", "X": "-71.118464", "Link to Image": "http://id.lib.harvard.edu/via/olvgroup12122/urn-3:FHCL.HOUGH:2254031/catalog", "Image Address (old)": "", "Image Address": "https://i.imgur.com/RHXGpJo.png" }, "geometry": { "type": "MultiPoint", "coordinates": [ [ -71.118464, 42.375276 ] ] } },
{ "type": "Feature", "properties": { "gpkg_fid": 76, "felt:feature": 76, "felt:has_geometry": true, "Group Member": "Cody", "Photograph Number": "", "Year": "1874", "Title": "Hollis Hall.", "Photographer": "William Notman & Son", "Given Information": "", "Added Description": "Image of Hollis hall in the winter.", "Coordinates": "42.374893, -71.117312", "Y": "42.374893", "X": "-71.117312", "Link to Image": "http://id.lib.harvard.edu/via/olvwork416447/catalog", "Image Address (old)": "", "Image Address": "https://i.imgur.com/TYInYyW.png" }, "geometry": { "type": "MultiPoint", "coordinates": [ [ -71.117312, 42.374893 ] ] } },
{ "type": "Feature", "properties": { "gpkg_fid": 77, "felt:feature": 77, "felt:has_geometry": true, "Group Member": "Cody", "Photograph Number": "", "Year": "1874", "Title": "Southern view from Memorial Hall.", "Photographer": "William Notman & Son", "Given Information": "The eastern portion of Harvard Yard with Gore Hall and other buildings, with Cambridge residences, the Charles River and Allston in the background. Photograph by William Notman & Son.", "Added Description": "Image of the southern view from the top of Memorial Hall.", "Coordinates": "42.375800, -71.115216", "Y": "42.375800", "X": "-71.115216", "Link to Image": "http://id.lib.harvard.edu/via/olvgroup12122/urn-3:FHCL.HOUGH:2254056/catalog", "Image Address (old)": "", "Image Address": "https://i.imgur.com/LcVhyLa.png" }, "geometry": { "type": "MultiPoint", "coordinates": [ [ -71.115216, 42.3758 ] ] } },
{ "type": "Feature", "properties": { "gpkg_fid": 78, "felt:feature": 78, "felt:has_geometry": true, "Group Member": "Cody", "Photograph Number": "", "Year": "1874", "Title": "Stoughton Hall.", "Photographer": "William Notman & Son,", "Given Information": "View of the side facing away from Harvard Yard, Harvard University, Cambridge (Mass.). Photograph by William Notman & Son.", "Added Description": "Image of Stoughton hall.", "Coordinates": "42.375513, -71.118396", "Y": "42.375513", "X": "-71.118396", "Link to Image": "http://id.lib.harvard.edu/via/olvgroup12122/urn-3:FHCL.HOUGH:2254030/catalog ", "Image Address (old)": "", "Image Address": "https://i.imgur.com/Si0pEDJ.png" }, "geometry": { "type": "MultiPoint", "coordinates": [ [ -71.118396, 42.375513 ] ] } },
{ "type": "Feature", "properties": { "gpkg_fid": 79, "felt:feature": 79, "felt:has_geometry": true, "Group Member": "Cody", "Photograph Number": "", "Year": "1875", "Title": "Hollis Hall and Rebellion Tree, [ca. 1875]", "Photographer": "", "Given Information": "", "Added Description": "Image of Hollis hall with students crowded at right entrance.", "Coordinates": "42.374756, -71.117335", "Y": "42.374756", "X": "-71.117335", "Link to Image": "http://id.lib.harvard.edu/via/olvwork297299/catalog", "Image Address (old)": "", "Image Address": "https://i.imgur.com/7kVeCie.png" }, "geometry": { "type": "MultiPoint", "coordinates": [ [ -71.117335, 42.374756 ] ] } },
{ "type": "Feature", "properties": { "gpkg_fid": 80, "felt:feature": 80, "felt:has_geometry": true, "Group Member": "Cody", "Photograph Number": "", "Year": "1914", "Title": "Phillips Brooks House [photograph, ca. 1914]", "Photographer": "Uknown", "Given Information": "", "Added Description": "Image of Phillips Brooks House from outside the Yard", "Coordinates": "42.376229, -71.118085", "Y": "42.376229", "X": "-71.118085", "Link to Image": "http://id.lib.harvard.edu/via/olvwork690359/catalog", "Image Address (old)": "https://ids.lib.harvard.edu/ids/iiif/45225306/full/,150/0/default.jpg", "Image Address": "https://i.imgur.com/xmHxXEx.png" }, "geometry": { "type": "MultiPoint", "coordinates": [ [ -71.118085, 42.376229 ] ] } },
{ "type": "Feature", "properties": { "gpkg_fid": 81, "felt:feature": 81, "felt:has_geometry": true, "Group Member": "Cody", "Photograph Number": "", "Year": "1938", "Title": "Harvard Yard with Hollis Hall", "Photographer": "Riabouchinsky, Marie", "Given Information": "", "Added Description": "Charcoal painting of Harvard Yard facing Hollis Hall.", "Coordinates": "42.375093, -71.117180", "Y": "42.375093", "X": "-71.117180", "Link to Image": "http://id.lib.harvard.edu/via/HUAM311624/catalog", "Image Address (old)": "", "Image Address": "https://i.imgur.com/IueM26F.png" }, "geometry": { "type": "MultiPoint", "coordinates": [ [ -71.11718, 42.375093 ] ] } },
{ "type": "Feature", "properties": { "gpkg_fid": 82, "felt:feature": 82, "felt:has_geometry": true, "Group Member": "Cody", "Photograph Number": "", "Year": "1960", "Title": "Dr. J. Seelye Bixler walking in the morning Procession before Harvard commencement, 1960", "Photographer": "", "Given Information": "back: Dr. Bixler as the morning Procession formed and passed Harvard's Hollis Hall, prior to the Commencement Ceremonies in Tercentenary Theater, (typed on affixed paper); Thursday, June 16, 1960 (handwritten on affixed paper); In Back - Llewellyn Thompson, Ambassador to Russia On left -- Dr. George M. Buttrick (handwritten on affixed paper); File Under (stamp): Bixler, June 1960, Harvard, Commencement (handwritten); BIX a 0093 01", "Added Description": "Dr. J. Seelye Bixler walking in the morning Procession before Harvard commencement, 1960", "Coordinates": "42.374382, -71.117281", "Y": "42.374382", "X": "-71.117281", "Link to Image": "https://www.jstor.org/stable/community.351719", "Image Address (old)": "", "Image Address": "https://i.imgur.com/fWwLm9U.png" }, "geometry": { "type": "MultiPoint", "coordinates": [ [ -71.117281, 42.374382 ] ] } },
{ "type": "Feature", "properties": { "gpkg_fid": 83, "felt:feature": 83, "felt:has_geometry": true, "Group Member": "Cody", "Photograph Number": "", "Year": "1987", "Title": "Group portrait of Harvard and Radcliffe students outside Hollis Hall", "Photographer": "", "Given Information": "", "Added Description": "Group portrait of Harvard and Radcliffe students outside Hollis Hall", "Coordinates": "42.375067, -71.117709", "Y": "42.375067", "X": "-71.117709", "Link to Image": "http://id.lib.harvard.edu/via/olvwork353439/catalog", "Image Address (old)": "https://ids.lib.harvard.edu/ids/iiif/5871413/full/,150/0/default.jpg", "Image Address": "https://i.imgur.com/p51Q9fw.png" }, "geometry": { "type": "MultiPoint", "coordinates": [ [ -71.117709, 42.375067 ] ] } },
{ "type": "Feature", "properties": { "gpkg_fid": 84, "felt:feature": 84, "felt:has_geometry": true, "Group Member": "Cody", "Photograph Number": "", "Year": "1863-1884", "Title": "Hollis Hall, Harvard University", "Photographer": "", "Given Information": "", "Added Description": "Image of Hollis Hall.", "Coordinates": "42.375134, -71.118462", "Y": "42.375134", "X": "-71.118462", "Link to Image": "http://id.lib.harvard.edu/via/HUAM148470/catalog", "Image Address (old)": "https://ids.lib.harvard.edu/ids/iiif/20346982/full/,150/0/default.jpg", "Image Address": "https://i.imgur.com/tdpweui.png" }, "geometry": { "type": "MultiPoint", "coordinates": [ [ -71.118462, 42.375134 ] ] } },
{ "type": "Feature", "properties": { "gpkg_fid": 85, "felt:feature": 85, "felt:has_geometry": true, "Group Member": "Cody", "Photograph Number": "", "Year": "1897-1905", "Title": "View of Hollis Hall, a dormitory on the Harvard University campus.", "Photographer": "", "Given Information": "", "Added Description": "Image of Hollis hall.", "Coordinates": "42.374893, -71.117312", "Y": "42.374893", "X": "-71.117312", "Link to Image": "http://id.lib.harvard.edu/via/olvwork20018815/catalog", "Image Address (old)": "", "Image Address": "https://i.imgur.com/I1ggzUJ.png" }, "geometry": { "type": "MultiPoint", "coordinates": [ [ -71.117312, 42.374893 ] ] } },
{ "type": "Feature", "properties": { "gpkg_fid": 86, "felt:feature": 86, "felt:has_geometry": true, "Group Member": "Cody", "Photograph Number": "", "Year": "Date Unknown", "Title": "Community service at Phillips Brooks House.", "Photographer": "", "Given Information": "", "Added Description": "Image of front of Phillips Brooks House with Volunteers", "Coordinates": "42.375566, -71.117949", "Y": "42.375566", "X": "-71.117949", "Link to Image": "http://id.lib.harvard.edu/via/olvwork309528/catalog", "Image Address (old)": "https://ids.lib.harvard.edu/ids/iiif/5004582/full/,150/0/default.jpg", "Image Address": "https://i.imgur.com/SzYiLgU.png" }, "geometry": { "type": "MultiPoint", "coordinates": [ [ -71.117949, 42.375566 ] ] } },
{ "type": "Feature", "properties": { "gpkg_fid": 87, "felt:feature": 87, "felt:has_geometry": true, "Group Member": "Alyssia", "Photograph Number": "", "Year": "1874", "Title": "Matthews Hall.", "Photographer": "William Notman & Son", "Given Information": "", "Added Description": "Gentlemen sitting on steps of Matthews Hall", "Coordinates": "42.373965, -71.117411", "Y": "42.373965", "X": "-71.117411", "Link to Image": "no. 84 https://hollis.harvard.edu/primo-explore/viewcomponent/L/HVD_VIAolvgroup12122?vid=HVD2&imageId=urn-3:FHCL.HOUGH:2254019&adaptor=Local%20Search%20Engine ", "Image Address (old)": "https://ids.lib.harvard.edu/ids/iiif/11324707/full/,150/0/default.jpg", "Image Address": "https://i.imgur.com/6LdV0B2.png" }, "geometry": { "type": "MultiPoint", "coordinates": [ [ -71.117411, 42.373965 ] ] } },
{ "type": "Feature", "properties": { "gpkg_fid": 88, "felt:feature": 88, "felt:has_geometry": true, "Group Member": "Cody", "Photograph Number": "", "Year": "Date Unknown", "Title": "Exterior view of Phillips Brooks House.", "Photographer": "", "Given Information": "", "Added Description": "Image of Phillips Brooks House from outside the Yard", "Coordinates": "42.376087, -71.118164", "Y": "42.376087", "X": "-71.118164", "Link to Image": "http://id.lib.harvard.edu/via/olvwork309522/catalog", "Image Address (old)": "https://ids.lib.harvard.edu/ids/iiif/5004574/full/,150/0/default.jpg", "Image Address": "https://i.imgur.com/USSFyM5.png" }, "geometry": { "type": "MultiPoint", "coordinates": [ [ -71.118164, 42.376087 ] ] } },
{ "type": "Feature", "properties": { "gpkg_fid": 89, "felt:feature": 89, "felt:has_geometry": true, "Group Member": "Niki", "Photograph Number": "", "Year": "1950", "Title": "Memorial Church [Harvard Yard], [photograph, approximately 1950]", "Photographer": "", "Given Information": "", "Added Description": "View of Memorial Church from Tercentenary Theatre", "Coordinates": "42.374592, -71.116140", "Y": "42.374592", "X": "-71.11614", "Link to Image": "http://id.lib.harvard.edu/images/olvwork720385/catalog", "Image Address (old)": "", "Image Address": "https://i.imgur.com/FhcsM4Q.png" }, "geometry": { "type": "MultiPoint", "coordinates": [ [ -71.11614, 42.374592 ] ] } },
{ "type": "Feature", "properties": { "gpkg_fid": 90, "felt:feature": 90, "felt:has_geometry": true, "Group Member": "Cody", "Photograph Number": "", "Year": "Date Unknown", "Title": "Harvard College, Hollis Hall, Harvard Yard, Cambridge, Middlesex County, MA", "Photographer": "", "Given Information": "", "Added Description": "Image of Hollis Hall with snow on the ground.", "Coordinates": "42.375038, -71.117528", "Y": "42.375038", "X": "-71.117528", "Link to Image": "https://hollis.harvard.edu/permalink/f/1mdq5o5/TN_cdi_loca_primary_ma0762", "Image Address (old)": "https://www.loc.gov/resource/hhh.ma0762.photos?st=gallery", "Image Address": "https://tile.loc.gov/storage-services/service/pnp/habshaer/ma/ma0700/ma0762/photos/080019pv.jpg#h=821&w=1024" }, "geometry": { "type": "MultiPoint", "coordinates": [ [ -71.117528, 42.375038 ] ] } },
{ "type": "Feature", "properties": { "gpkg_fid": 91, "felt:feature": 91, "felt:has_geometry": true, "Group Member": "Emily", "Photograph Number": "", "Year": "1857", "Title": "College Yard [photograph, ca. 1857]", "Photographer": "Unknown", "Given Information": "N/A", "Added Description": "View of Yard and University Hall.", "Coordinates": "42.373964, -71.117340", "Y": "42.373964", "X": "-71.117340", "Link to Image": "http://id.lib.harvard.edu/via/olvwork361399/catalog", "Image Address (old)": "https://ids.lib.harvard.edu/ids/iiif/6146777/full/,150/0/default.jpg", "Image Address": "https://i.imgur.com/Jq8ZD3b.png" }, "geometry": { "type": "MultiPoint", "coordinates": [ [ -71.11734, 42.373964 ] ] } },
{ "type": "Feature", "properties": { "gpkg_fid": 92, "felt:feature": 92, "felt:has_geometry": true, "Group Member": "Emily", "Photograph Number": "", "Year": "1861", "Title": "College Yard [photograph, 1861]", "Photographer": "Unknown", "Given Information": "N/A", "Added Description": "View of Hollis, Stoughton, and Holworthy Halls.", "Coordinates": "42.374475, -71.117924", "Y": "42.374475", "X": "-71.117924", "Link to Image": "http://id.lib.harvard.edu/via/olvwork703697/catalog", "Image Address (old)": "https://ids.lib.harvard.edu/ids/iiif/45517346/full/,150/0/default.jpg", "Image Address": "https://i.imgur.com/HtctoXU.png" }, "geometry": { "type": "MultiPoint", "coordinates": [ [ -71.117924, 42.374475 ] ] } },
{ "type": "Feature", "properties": { "gpkg_fid": 93, "felt:feature": 93, "felt:has_geometry": true, "Group Member": "Emily", "Photograph Number": "", "Year": "1874", "Title": "Matthews Hall", "Photographer": "William Notman & Son", "Given Information": "Harvard Yard, Harvard University, Cambridge (Mass.). Photograph by William Notman & Son.\nDimensions: 13 x 18 centimeters", "Added Description": "View of Matthews from Weld.", "Coordinates": "42.373953, -71.117404", "Y": "42.373953", "X": "-71.117404", "Link to Image": "https://hollis.harvard.edu/primo-explore/fulldisplay?docid=HVD_VIAolvwork416441&context=L&vid=HVD2&lang=en_US&search_scope=everything&adaptor=Local%20Search%20Engine&tab=everything&query=any,contains,harvard%20grays%20hall,OR&query=any,contains,lehman,OR&query=any,contains,straus,OR&query=any,contains,matthews,AND&facet=tlevel,include,online_resources&facet=genre,include,photographs&mode=advanced&pfilter=pfilter,exact,images,AND&offset=25  ", "Image Address (old)": "https://ids.lib.harvard.edu/ids/iiif/11324707/full/,150/0/default.jpg", "Image Address": "https://i.imgur.com/h7jrMwG.png" }, "geometry": { "type": "MultiPoint", "coordinates": [ [ -71.117404, 42.373953 ] ] } },
{ "type": "Feature", "properties": { "gpkg_fid": 94, "felt:feature": 94, "felt:has_geometry": true, "Group Member": "Emily", "Photograph Number": "", "Year": "1880", "Title": "College Yard [photograph, ca. 1880]", "Photographer": "Unknown", "Given Information": "N/A", "Added Description": "View of Yard from University Hall.", "Coordinates": "42.374455, -71.117293", "Y": "42.374455", "X": "-71.117293", "Link to Image": "http://id.lib.harvard.edu/via/olvwork361408/catalog", "Image Address (old)": "https://ids.lib.harvard.edu/ids/iiif/6146780/full/,150/0/default.jpg", "Image Address": "https://i.imgur.com/lsp6lHt.png" }, "geometry": { "type": "MultiPoint", "coordinates": [ [ -71.117293, 42.374455 ] ] } },
{ "type": "Feature", "properties": { "gpkg_fid": 95, "felt:feature": 95, "felt:has_geometry": true, "Group Member": "Emily", "Photograph Number": "", "Year": "1885", "Title": "College yard looking south, winter [photograph, 1885]", "Photographer": "Notman Photographic Co.", "Given Information": "College yard looking south, winter [photograph, 1885]", "Added Description": "View of Matthews from University Hall.", "Coordinates": "42.374470, -71.117296", "Y": "42.374470", "X": "-71.117296", "Link to Image": "http://id.lib.harvard.edu/via/olvwork688361/catalog", "Image Address (old)": "https://ids.lib.harvard.edu/ids/iiif/44912288/full/,150/0/default.jpg", "Image Address": "https://i.imgur.com/LugAAk7.png" }, "geometry": { "type": "MultiPoint", "coordinates": [ [ -71.117296, 42.37447 ] ] } },
{ "type": "Feature", "properties": { "gpkg_fid": 96, "felt:feature": 96, "felt:has_geometry": true, "Group Member": "Emily", "Photograph Number": "", "Year": "1892", "Title": "Harvard Yard about 1892", "Photographer": "Unknown", "Given Information": "Inscription: Left to right; Matthews Hall, a corner of Hollis Hall, Holworthy Hall at the end, then Thayer Hall and University Hall", "Added Description": "View of Yard from Matthews Hall.", "Coordinates": "42.374012, -71.118049", "Y": "42.374012", "X": "-71.118049", "Link to Image": "http://id.lib.harvard.edu/via/olvwork423535/catalog", "Image Address (old)": "https://ids.lib.harvard.edu/ids/iiif/12325352/full/,150/0/default.jpg", "Image Address": "https://i.imgur.com/lAmA6IY.png" }, "geometry": { "type": "MultiPoint", "coordinates": [ [ -71.118049, 42.374012 ] ] } },
{ "type": "Feature", "properties": { "gpkg_fid": 97, "felt:feature": 97, "felt:has_geometry": true, "Group Member": "Emily", "Photograph Number": "", "Year": "1893", "Title": "College Yard [photograph, ca. 1893]", "Photographer": "Unknown", "Given Information": "N/A", "Added Description": "View of Harvard, Hollis, and Stoughout Halls.", "Coordinates": "42.374242, -71.117333", "Y": "42.374242", "X": "-71.117333", "Link to Image": "http://id.lib.harvard.edu/via/olvwork361409/catalog", "Image Address (old)": "https://ids.lib.harvard.edu/ids/iiif/6146781/full/,150/0/default.jpg", "Image Address": "https://i.imgur.com/kCG5zeN.png" }, "geometry": { "type": "MultiPoint", "coordinates": [ [ -71.117333, 42.374242 ] ] } },
{ "type": "Feature", "properties": { "gpkg_fid": 98, "felt:feature": 98, "felt:has_geometry": true, "Group Member": "Emily", "Photograph Number": "", "Year": "1900", "Title": "Harvard Yard trees [photograph, ca. 1900]", "Photographer": "Unknown", "Given Information": "N/A", "Added Description": "View of Construction in Yard. ", "Coordinates": "42.374807, -71.117118", "Y": "42.374807", "X": "-71.117118", "Link to Image": "http://id.lib.harvard.edu/via/olvwork361340/catalog", "Image Address (old)": "https://ids.lib.harvard.edu/ids/iiif/6146776/full/,150/0/default.jpg", "Image Address": "https://i.imgur.com/McUJjGn.png" }, "geometry": { "type": "MultiPoint", "coordinates": [ [ -71.117118, 42.374807 ] ] } },
{ "type": "Feature", "properties": { "gpkg_fid": 99, "felt:feature": 99, "felt:has_geometry": true, "Group Member": "Emily", "Photograph Number": "", "Year": "1900", "Title": "The Yard [photograph, ca. 1900]", "Photographer": "Unknown", "Given Information": "N/A", "Added Description": "View of University Hall.", "Coordinates": "42.374153, -71.117722", "Y": "42.374153", "X": "-71.117722", "Link to Image": "http://id.lib.harvard.edu/via/olvwork361440/catalog", "Image Address (old)": "https://ids.lib.harvard.edu/ids/iiif/6146796/full/,150/0/default.jpg", "Image Address": "https://i.imgur.com/o7jjiq3.png" }, "geometry": { "type": "MultiPoint", "coordinates": [ [ -71.117722, 42.374153 ] ] } },
{ "type": "Feature", "properties": { "gpkg_fid": 100, "felt:feature": 100, "felt:has_geometry": true, "Group Member": "Emily", "Photograph Number": "12 (of collection)", "Year": "1907", "Title": "Yard in 1907 ", "Photographer": "Unknown", "Given Information": "Note-General: American Memory Project. GSD lantern slide digitized.", "Added Description": "View of Yard from Grays Hall.", "Coordinates": "42.373757, -71.117621", "Y": "42.373757", "X": "-71.117621", "Link to Image": "no. 12 http://id.lib.harvard.edu/via/olvsite6556/urn-3:GSD.loeb:111390/catalog ", "Image Address (old)": "https://ids.lib.harvard.edu/ids/iiif/642809/full/,150/0/default.jpg", "Image Address": "https://i.imgur.com/YXeKCPT.png" }, "geometry": { "type": "MultiPoint", "coordinates": [ [ -71.117621, 42.373757 ] ] } },
{ "type": "Feature", "properties": { "gpkg_fid": 101, "felt:feature": 101, "felt:has_geometry": true, "Group Member": "Emily", "Photograph Number": "", "Year": "1911", "Title": "Looking at the North end of the College Yard, Holworth Hall at the left [photograph, 1911]", "Photographer": "Unknown", "Given Information": "N/A", "Added Description": "View of Thayer and Holworthy Halls.", "Coordinates": "42.374826, -71.117542", "Y": "42.374826", "X": "-71.117542", "Link to Image": "http://id.lib.harvard.edu/via/olvwork361410/catalog", "Image Address (old)": "https://ids.lib.harvard.edu/ids/iiif/6146782/full/,150/0/default.jpg", "Image Address": "https://i.imgur.com/mwZ6z0z.png" }, "geometry": { "type": "MultiPoint", "coordinates": [ [ -71.117542, 42.374826 ] ] } },
{ "type": "Feature", "properties": { "gpkg_fid": 102, "felt:feature": 102, "felt:has_geometry": true, "Group Member": "Emily", "Photograph Number": "", "Year": "1915", "Title": "\nCollege Yard [photograph, 1915]", "Photographer": "Unknown", "Given Information": "N/A", "Added Description": "View of Yard from Grays Hall.", "Coordinates": "42.373750, -71.117788", "Y": "42.373750", "X": "-71.117788", "Link to Image": "http://id.lib.harvard.edu/via/olvwork361411/catalog", "Image Address (old)": "https://ids.lib.harvard.edu/ids/iiif/6146783/full/,150/0/default.jpg", "Image Address": "https://i.imgur.com/d4pIbeF.png" }, "geometry": { "type": "MultiPoint", "coordinates": [ [ -71.117788, 42.37375 ] ] } },
{ "type": "Feature", "properties": { "gpkg_fid": 103, "felt:feature": 103, "felt:has_geometry": true, "Group Member": "Emily", "Photograph Number": "", "Year": "1915", "Title": "College Yard [photograph, ca. 1915]", "Photographer": "Unknown", "Given Information": "N/A", "Added Description": "View of Thayer and Holworthy from Mass Hall.", "Coordinates": "42.374158, -71.117971", "Y": "42.374158", "X": "-71.117971", "Link to Image": "http://id.lib.harvard.edu/via/olvwork401609/catalog", "Image Address (old)": "https://ids.lib.harvard.edu/ids/iiif/9704031/full/,150/0/default.jpg", "Image Address": "https://i.imgur.com/OSczXht.png" }, "geometry": { "type": "MultiPoint", "coordinates": [ [ -71.117971, 42.374158 ] ] } },
{ "type": "Feature", "properties": { "gpkg_fid": 104, "felt:feature": 104, "felt:has_geometry": true, "Group Member": "Emily", "Photograph Number": "", "Year": "1930", "Title": "Harvard Yard [photograph, ca. 1930]", "Photographer": "Unknown", "Given Information": "N/A", "Added Description": "View of Matthews side of Yard. ", "Coordinates": "42.373917, -71.117665", "Y": "42.373917", "X": "-71.117665", "Link to Image": "http://id.lib.harvard.edu/via/olvwork361417/catalog", "Image Address (old)": "https://ids.lib.harvard.edu/ids/iiif/6146787/full/,150/0/default.jpg", "Image Address": "https://i.imgur.com/8g6VM7z.png" }, "geometry": { "type": "MultiPoint", "coordinates": [ [ -71.117665, 42.373917 ] ] } },
{ "type": "Feature", "properties": { "gpkg_fid": 105, "felt:feature": 105, "felt:has_geometry": true, "Group Member": "Emily", "Photograph Number": "", "Year": "1944", "Title": "Machine which breaks the soil in preparation for seeding the Yard, [photograph], 6-13-1944", "Photographer": "Harvard University. Office of News and Public Affairs.", "Given Information": "N/A", "Added Description": "View of Mass Hall. ", "Coordinates": "42.374204, -71.117314", "Y": "42.374204", "X": "-71.117314", "Link to Image": "http://id.lib.harvard.edu/via/olvwork401740/catalog", "Image Address (old)": "https://ids.lib.harvard.edu/ids/iiif/9978331/full/,150/0/default.jpg", "Image Address": "https://i.imgur.com/v1aWwgM.png" }, "geometry": { "type": "MultiPoint", "coordinates": [ [ -71.117314, 42.374204 ] ] } },
{ "type": "Feature", "properties": { "gpkg_fid": 106, "felt:feature": 106, "felt:has_geometry": true, "Group Member": "Emily", "Photograph Number": "", "Year": "1950", "Title": "[Students crossing Harvard Yard, photograph, ca. 1950]", "Photographer": "Unknown", "Given Information": "N/A", "Added Description": "View of University Hall.", "Coordinates": "42.374629, -71.118145", "Y": "42.374629", "X": "-71.118145", "Link to Image": "http://id.lib.harvard.edu/via/olvwork361423/catalog", "Image Address (old)": "https://ids.lib.harvard.edu/ids/iiif/6146789/full/,150/0/default.jpg", "Image Address": "https://i.imgur.com/QqxThg3.png" }, "geometry": { "type": "MultiPoint", "coordinates": [ [ -71.118145, 42.374629 ] ] } },
{ "type": "Feature", "properties": { "gpkg_fid": 107, "felt:feature": 107, "felt:has_geometry": true, "Group Member": "Emily", "Photograph Number": "", "Year": "1957", "Title": "The Yard", "Photographer": "Unknown", "Given Information": "The Yard, March 1957 [photograph]", "Added Description": "View of Yard from Matthews Hall.", "Coordinates": "42.373902, -71.118069", "Y": "42.373902", "X": "-71.118069", "Link to Image": "http://id.lib.harvard.edu/via/olvwork361427/catalog", "Image Address (old)": "https://ids.lib.harvard.edu/ids/iiif/6146790/full/,150/0/default.jpg", "Image Address": "https://i.imgur.com/yCHB60F.png" }, "geometry": { "type": "MultiPoint", "coordinates": [ [ -71.118069, 42.373902 ] ] } },
{ "type": "Feature", "properties": { "gpkg_fid": 108, "felt:feature": 108, "felt:has_geometry": true, "Group Member": "Emily", "Photograph Number": "", "Year": "1969", "Title": "Blizzard aftermath", "Photographer": "Paul Child", "Given Information": "General: Cataloger selected representative images for digitization\nInscription: [Image number and caption transcribed from Paul Child log books:] 1. Harvard Yard trees with snow; 2. Harvard yard Virginia creeper vines with snow; 3. 103 Irving St. front steps; 4. bent over birch; 5. three cars covered with snow; 6. tree branch over steel mesh fence; 7. Sert’s pine laden with snow; 8. the rhino; 9. back terrace table and chairs; 10. bent over birch from fire escape; 11. two terrace tables from fire escape; 12. front gate posts with snow caps", "Added Description": "View of Yard from University Hall.", "Coordinates": "42.374387, -71.117321", "Y": "42.374387", "X": "-71.117321", "Link to Image": "http://id.lib.harvard.edu/via/olvwork587064/urn-3:RAD.SCHL:5114162/catalog", "Image Address (old)": "https://ids.lib.harvard.edu/ids/iiif/28807686/full/,150/0/default.jpg", "Image Address": "https://i.imgur.com/ezCo7AX.png" }, "geometry": { "type": "MultiPoint", "coordinates": [ [ -71.117321, 42.374387 ] ] } },
{ "type": "Feature", "properties": { "gpkg_fid": 109, "felt:feature": 109, "felt:has_geometry": true, "Group Member": "Emily", "Photograph Number": "", "Year": "1973", "Title": "View of Harvard Yard.", "Photographer": "Lilian Kemp", "Given Information": "Materials/Techniques: gelatin silver process Dimensions: 8 x 10 inches", "Added Description": "View of Matthews Hall. ", "Coordinates": "42.373809, -71.117682", "Y": "42.373809", "X": "-71.117682", "Link to Image": "http://id.lib.harvard.edu/via/olvwork308694/catalog", "Image Address (old)": "https://ids.lib.harvard.edu/ids/iiif/4786241/full/,150/0/default.jpg", "Image Address": "https://i.imgur.com/SvrHaae.png" }, "geometry": { "type": "MultiPoint", "coordinates": [ [ -71.117682, 42.373809 ] ] } },
{ "type": "Feature", "properties": { "gpkg_fid": 110, "felt:feature": 110, "felt:has_geometry": true, "Group Member": "Emily", "Photograph Number": "", "Year": "1940-1959", "Title": "View of Harvard Yard.", "Photographer": "Unknown", "Given Information": "Materials/Techniques: gelatin silver process\nDimensions: 8 x 10 inches", "Added Description": "View of Matthews and Mass Hall.", "Coordinates": "42.374241, -71.117680", "Y": "42.374241", "X": "-71.117680", "Link to Image": "http://id.lib.harvard.edu/via/olvwork308673/catalog", "Image Address (old)": "https://ids.lib.harvard.edu/ids/iiif/4765911/full/,150/0/default.jpg", "Image Address": "https://i.imgur.com/wkxesH1.png" }, "geometry": { "type": "MultiPoint", "coordinates": [ [ -71.11768, 42.374241 ] ] } },
{ "type": "Feature", "properties": { "gpkg_fid": 111, "felt:feature": 111, "felt:has_geometry": true, "Group Member": "Emily", "Photograph Number": "", "Year": "1960-1969", "Title": "View of Harvard Yard.", "Photographer": "David H. Hunsberger", "Given Information": "Materials/Techniques: gelatin silver process Dimensions: 8 x 10 inches", "Added Description": "View of Straus Hall from Matthews.", "Coordinates": "42.374130, -71.118290", "Y": "42.374130", "X": "-71.118290", "Link to Image": "http://id.lib.harvard.edu/via/olvwork308686/catalog", "Image Address (old)": "https://ids.lib.harvard.edu/ids/iiif/4786225/full/,150/0/default.jpg", "Image Address": "https://i.imgur.com/VlV5mGh.png" }, "geometry": { "type": "MultiPoint", "coordinates": [ [ -71.11829, 42.37413 ] ] } },
{ "type": "Feature", "properties": { "gpkg_fid": 112, "felt:feature": 112, "felt:has_geometry": true, "Group Member": "Emily", "Photograph Number": "", "Year": "1970-1979", "Title": "View of Harvard Yard.", "Photographer": "N/A", "Given Information": "Materials/Techniques: gelatin silver process Dimensions: 8 x 10 inches", "Added Description": "View of Mass and Matthews Halls.", "Coordinates": "42.374525, -71.117829", "Y": "42.374525", "X": "-71.117829", "Link to Image": "http://id.lib.harvard.edu/via/olvwork308698/catalog", "Image Address (old)": "https://ids.lib.harvard.edu/ids/iiif/4786249/full/,150/0/default.jpg", "Image Address": "https://i.imgur.com/GaITR8e.png" }, "geometry": { "type": "MultiPoint", "coordinates": [ [ -71.117829, 42.374525 ] ] } },
{ "type": "Feature", "properties": { "gpkg_fid": 113, "felt:feature": 113, "felt:has_geometry": true, "Group Member": "Emily", "Photograph Number": "", "Year": "1900", "Title": "College Yard", "Photographer": "Unknown", "Given Information": "N/A", "Added Description": "View of Yard from Weld.", "Coordinates": "42.373855, -71.117453", "Y": "42.373855", "X": "-71.117453", "Link to Image": "http://id.lib.harvard.edu/via/olvwork361436/catalog", "Image Address (old)": "https://ids.lib.harvard.edu/ids/iiif/6146792/full/,150/0/default.jpg", "Image Address": "https://i.imgur.com/MxPVFkK.png" }, "geometry": { "type": "MultiPoint", "coordinates": [ [ -71.117453, 42.373855 ] ] } },
{ "type": "Feature", "properties": { "gpkg_fid": 114, "felt:feature": 114, "felt:has_geometry": true, "Group Member": "Emily", "Photograph Number": "", "Year": "1900", "Title": "College Yard [photograph, ca. 1900]", "Photographer": "Unknown", "Given Information": "N/A", "Added Description": "View of Yard from Grays Hall.", "Coordinates": "42.373906, -71.117690", "Y": "42.373906", "X": "-71.117690", "Link to Image": "http://id.lib.harvard.edu/via/olvwork361443/catalog", "Image Address (old)": "https://ids.lib.harvard.edu/ids/iiif/6146793/full/,150/0/default.jpg", "Image Address": "https://i.imgur.com/vjEQi0t.png" }, "geometry": { "type": "MultiPoint", "coordinates": [ [ -71.11769, 42.373906 ] ] } },
{ "type": "Feature", "properties": { "gpkg_fid": 115, "felt:feature": 115, "felt:has_geometry": true, "Group Member": "Emily", "Photograph Number": "", "Year": "1930", "Title": "Harvard Yard ", "Photographer": "Unknown", "Given Information": "N/A", "Added Description": "View of Matthews and Grays from University Hall.", "Coordinates": "42.374685, -71.117192", "Y": "42.374685", "X": "-71.117192", "Link to Image": "http://id.lib.harvard.edu/via/olvwork361412/catalog", "Image Address (old)": "https://ids.lib.harvard.edu/ids/iiif/6146784/full/,150/0/default.jpg", "Image Address": "https://i.imgur.com/agR4LrO.png" }, "geometry": { "type": "MultiPoint", "coordinates": [ [ -71.117192, 42.374685 ] ] } },
{ "type": "Feature", "properties": { "gpkg_fid": 116, "felt:feature": 116, "felt:has_geometry": true, "Group Member": "Emily", "Photograph Number": "", "Year": "1870s", "Title": "View of Matthews Hall", "Photographer": "Unknown", "Given Information": "Materials/Techniques: gelatin silver process\nDimensions: 2.75 x 1.75 inches", "Added Description": "View of Matthews Hall.", "Coordinates": "42.374132, -71.117611", "Y": "42.374132", "X": "-71.117611", "Link to Image": "http://id.lib.harvard.edu/via/olvwork308577/catalog", "Image Address (old)": "https://ids.lib.harvard.edu/ids/iiif/4765785/full/,150/0/default.jpg", "Image Address": "https://i.imgur.com/P1SxHHO.png" }, "geometry": { "type": "MultiPoint", "coordinates": [ [ -71.117611, 42.374132 ] ] } },
{ "type": "Feature", "properties": { "gpkg_fid": 117, "felt:feature": 117, "felt:has_geometry": true, "Group Member": "Emily", "Photograph Number": "6 (of collection)", "Year": "1926", "Title": "Dana, Matthews and Massachusettes Hall ", "Photographer": "Unknown", "Given Information": "Note-General: American Memory Project. GSD lantern slide digitized.", "Added Description": "View of Dana, Matthews and Massachusettes Hall ", "Coordinates": "42.374044, -71.118911", "Y": "42.374044", "X": "-71.118911", "Link to Image": "no. 6 https://hollis.harvard.edu/primo-explore/viewcomponent/L/HVD_VIAolvsite6556?vid=HVD2&imageId=urn-3:GSD.loeb:111394 ", "Image Address (old)": "", "Image Address": "https://i.imgur.com/9zzb08J.png" }, "geometry": { "type": "MultiPoint", "coordinates": [ [ -71.118911, 42.374044 ] ] } },
{ "type": "Feature", "properties": { "gpkg_fid": 118, "felt:feature": 118, "felt:has_geometry": true, "Group Member": "Emily", "Photograph Number": "24 (of collection", "Year": "Date Unknown", "Title": "Lehman and Strauss Halls ", "Photographer": "Unknown", "Given Information": "Note-General: American Memory Project. GSD lantern slide digitized. ", "Added Description": "View of Lehman and Strauss Halls. ", "Coordinates": "42.374044, -71.118493", "Y": "42.374044", "X": "-71.118493", "Link to Image": "no. 24 http://id.lib.harvard.edu/via/olvsite6556/urn-3:GSD.loeb:111407/catalog ", "Image Address (old)": "https://ids.lib.harvard.edu/ids/iiif/642826/full/,150/0/default.jpg", "Image Address": "https://i.imgur.com/fAwLdFz.png" }, "geometry": { "type": "MultiPoint", "coordinates": [ [ -71.118493, 42.374044 ] ] } },
{ "type": "Feature", "properties": { "gpkg_fid": 119, "felt:feature": 119, "felt:has_geometry": true, "Group Member": "Emily", "Photograph Number": "5 (of collection)", "Year": "Date Unknown", "Title": "Matthews and Massachusettes Halls", "Photographer": "Unknown", "Given Information": "Note-General: American Memory Project. GSD lantern slide digitized. ", "Added Description": "View of Matthews and Mass Hall, with Ivy on Mass Hall.", "Coordinates": "42.373921, -71.118493", "Y": "42.373921", "X": "-71.118493", "Link to Image": "no. 5 https://hollis.harvard.edu/primo-explore/viewcomponent/L/HVD_VIAolvsite6556?vid=HVD2&imageId=urn-3:GSD.loeb:111377 ", "Image Address (old)": "https://i.imgur.com/NaZyKL3.png", "Image Address": "https://i.imgur.com/fF9D7Zh.png" }, "geometry": { "type": "MultiPoint", "coordinates": [ [ -71.118493, 42.373921 ] ] } },
{ "type": "Feature", "properties": { "gpkg_fid": 120, "felt:feature": 120, "felt:has_geometry": true, "Group Member": "Emily", "Photograph Number": "13 (of collection)", "Year": "Date Unknown", "Title": "snow in the yard ", "Photographer": "Unknown", "Given Information": "Note-General: American Memory Project. GSD lantern slide digitized.", "Added Description": "View of Matthews and Grays.", "Coordinates": "42.374335, -71.117271", "Y": "42.374335", "X": "-71.117271", "Link to Image": "no. 13 http://id.lib.harvard.edu/via/olvsite6556/urn-3:GSD.loeb:111388/catalog ", "Image Address (old)": "https://ids.lib.harvard.edu/ids/iiif/642807/full/,150/0/default.jpg", "Image Address": "https://i.imgur.com/u3SQeVL.png" }, "geometry": { "type": "MultiPoint", "coordinates": [ [ -71.117271, 42.374335 ] ] } },
{ "type": "Feature", "properties": { "gpkg_fid": 121, "felt:feature": 121, "felt:has_geometry": true, "Group Member": "Emily", "Photograph Number": "14 (of collection", "Year": "Date Unknown", "Title": "trees and paths", "Photographer": "Unknown", "Given Information": "Note-General: American Memory Project. GSD lantern slide digitized. ", "Added Description": "View of Matthews from University Hall.", "Coordinates": "42.374383, -71.117271", "Y": "42.374383", "X": "-71.117271", "Link to Image": "no. 14 http://id.lib.harvard.edu/via/olvsite6556/urn-3:GSD.loeb:111387/catalog ", "Image Address (old)": "https://ids.lib.harvard.edu/ids/iiif/642806/full/,150/0/default.jpg", "Image Address": "https://i.imgur.com/T2bDf4V.png" }, "geometry": { "type": "MultiPoint", "coordinates": [ [ -71.117271, 42.374383 ] ] } },
{ "type": "Feature", "properties": { "gpkg_fid": 122, "felt:feature": 122, "felt:has_geometry": true, "Group Member": "Hayden", "Photograph Number": "", "Year": "1874", "Title": "Dana house", "Photographer": "William Notman & Son", "Given Information": "13 x 18 centimeters", "Added Description": "original location of Dana house in harvard yard", "Coordinates": "42.372502, -71.115163", "Y": "42.372502", "X": "-71.115163", "Link to Image": "http://id.lib.harvard.edu/via/olvwork416519/catalog", "Image Address (old)": "https://ids.lib.harvard.edu/ids/iiif/11324723/full/,150/0/default.jpg", "Image Address": "https://ids.lib.harvard.edu/ids/iiif/11324723/450,325,3601,2484/800,/0/default.jpg" }, "geometry": { "type": "MultiPoint", "coordinates": [ [ -71.115163, 42.372502 ] ] } },
{ "type": "Feature", "properties": { "gpkg_fid": 123, "felt:feature": 123, "felt:has_geometry": true, "Group Member": "Hayden", "Photograph Number": "", "Year": "1874", "Title": "President's House", "Photographer": "William Notman & Son", "Given Information": "Dimensions: 13 x 8 cm", "Added Description": "View of the Old President's House", "Coordinates": "42.373188, -71.115305", "Y": "42.373188", "X": "-71.115305", "Link to Image": "http://id.lib.harvard.edu/via/olvwork416462/catalog", "Image Address (old)": "https://ids.lib.harvard.edu/ids/iiif/11324722/full/,150/0/default.jpg", "Image Address": "https://ids.lib.harvard.edu/ids/iiif/11324722/394,330,3483,2109/800,/0/default.jpg" }, "geometry": { "type": "MultiPoint", "coordinates": [ [ -71.115305, 42.373188 ] ] } },
{ "type": "Feature", "properties": { "gpkg_fid": 124, "felt:feature": 124, "felt:has_geometry": true, "Group Member": "Hayden", "Photograph Number": "", "Year": "1947", "Title": "Lamont Library", "Photographer": "Harvard Office of News and Public Affairs", "Given Information": "Photo order number A512", "Added Description": "Lamont Library Construction", "Coordinates": "42.372637, -71.114997", "Y": "42.372637", "X": "-71.114997", "Link to Image": "http://id.lib.harvard.edu/via/olvwork402701/catalog", "Image Address (old)": "https://ids.lib.harvard.edu/ids/iiif/9978346/full/,150/0/default.jpg", "Image Address": "https://ids.lib.harvard.edu/ids/iiif/9978346/188,146,2427,1780/800,/0/default.jpg" }, "geometry": { "type": "MultiPoint", "coordinates": [ [ -71.114997, 42.372637 ] ] } },
{ "type": "Feature", "properties": { "gpkg_fid": 125, "felt:feature": 125, "felt:has_geometry": true, "Group Member": "Hayden", "Photograph Number": "", "Year": "1947", "Title": "moving the dana palmer house", "Photographer": "Harvard Office of News and Public Affairs", "Given Information": "", "Added Description": "whole building moved to make way for lamont library", "Coordinates": "42.373327, -71.114726", "Y": "42.373327", "X": "-71.114726", "Link to Image": "http://id.lib.harvard.edu/via/olvwork402699/catalog", "Image Address (old)": "https://ids.lib.harvard.edu/ids/iiif/9978344/full/,150/0/default.jpg", "Image Address": "https://ids.lib.harvard.edu/ids/iiif/9978344/182,465,1798,2198/800,/0/default.jpg" }, "geometry": { "type": "MultiPoint", "coordinates": [ [ -71.114726, 42.373327 ] ] } },
{ "type": "Feature", "properties": { "gpkg_fid": 126, "felt:feature": 126, "felt:has_geometry": true, "Group Member": "Hayden", "Photograph Number": "", "Year": "1947", "Title": "Moving the main section of the Dana-Palmer House", "Photographer": "Harvard Office of News and Public Affairs", "Given Information": "", "Added Description": "whole building moved to make way for lamont library. taken at quincy and harvard street", "Coordinates": "42.372247, -71.115190", "Y": "42.372247", "X": "-71.11519", "Link to Image": "http://id.lib.harvard.edu/via/olvwork402700/catalog", "Image Address (old)": "https://ids.lib.harvard.edu/ids/iiif/9978345/full/,150/0/default.jpg", "Image Address": "https://ids.lib.harvard.edu/ids/iiif/9978345/155,138,2432,1777/800,/0/default.jpg" }, "geometry": { "type": "MultiPoint", "coordinates": [ [ -71.11519, 42.372247 ] ] } },
{ "type": "Feature", "properties": { "gpkg_fid": 127, "felt:feature": 127, "felt:has_geometry": true, "Group Member": "Hayden", "Photograph Number": "", "Year": "1975", "Title": "Construction of Pusey Library", "Photographer": "unkown", "Given Information": "10 x 8 inches", "Added Description": "Pusey library while being built", "Coordinates": "42.372946, -71.115463", "Y": "42.372946", "X": "-71.115463", "Link to Image": "http://id.lib.harvard.edu/via/olvwork309553/catalog", "Image Address (old)": "https://ids.lib.harvard.edu/ids/iiif/5004616/full/,150/0/default.jpg", "Image Address": "https://ids.lib.harvard.edu/ids/iiif/5004616/36,43,2674,1833/800,/0/default.jpg" }, "geometry": { "type": "MultiPoint", "coordinates": [ [ -71.115463, 42.372946 ] ] } },
{ "type": "Feature", "properties": { "gpkg_fid": 128, "felt:feature": 128, "felt:has_geometry": true, "Group Member": "Hayden", "Photograph Number": "", "Year": "1975", "Title": "Construction of Pusey Library", "Photographer": "unkown", "Given Information": "11 x 8 inches", "Added Description": "Pusey library while being built (aerial veiw)", "Coordinates": "42.372946, -71.115463", "Y": "42.372946", "X": "-71.115463", "Link to Image": "http://id.lib.harvard.edu/via/olvwork309555/catalog", "Image Address (old)": "https://ids.lib.harvard.edu/ids/iiif/5004618/full/,150/0/default.jpg", "Image Address": "https://ids.lib.harvard.edu/ids/iiif/5004618/86,62,2497,1685/800,/0/default.jpg" }, "geometry": { "type": "MultiPoint", "coordinates": [ [ -71.115463, 42.372946 ] ] } },
{ "type": "Feature", "properties": { "gpkg_fid": 129, "felt:feature": 129, "felt:has_geometry": true, "Group Member": "Hayden", "Photograph Number": "", "Year": "2012", "Title": "Exterior. From south; Lamont Library beyond", "Photographer": "Ralph Lieberman", "Given Information": "", "Added Description": "View of the class of 1880 gate towards Lamont", "Coordinates": "42.372418, -71.115601", "Y": "42.372418", "X": "-71.115601", "Link to Image": "http://id.lib.harvard.edu/via/olvsite32449/urn-3:FHCL:9262848/catalog", "Image Address (old)": "https://ids.lib.harvard.edu/ids/iiif/46838137/full/,150/0/default.jpg", "Image Address": "https://ids.lib.harvard.edu/ids/iiif/46838138/11,16,4284,2521/800,/0/default.jpg" }, "geometry": { "type": "MultiPoint", "coordinates": [ [ -71.115601, 42.372418 ] ] } },
{ "type": "Feature", "properties": { "gpkg_fid": 130, "felt:feature": 130, "felt:has_geometry": true, "Group Member": "Hayden", "Photograph Number": "", "Year": "2013", "Title": "Dedicatory inscription listing events in the life of \"Thomas Dudley Governor of the Colony of the Massachusetts\"", "Photographer": "Ralph Lieberman", "Given Information": "", "Added Description": "Dedicatory inscription listing events in the life of \"Thomas Dudley Governor of the Colony of the Massachusetts\"", "Coordinates": "42.372534, -71.115490", "Y": "42.372534", "X": "-71.11549", "Link to Image": "http://id.lib.harvard.edu/via/8000908075/urn-3:FHCL:10976050/catalog", "Image Address (old)": "https://ids.lib.harvard.edu/ids/iiif/46712553/full/,150/0/default.jpg", "Image Address": "https://ids.lib.harvard.edu/ids/iiif/46712553/546,579,3538,2097/800,/0/default.jpg" }, "geometry": { "type": "MultiPoint", "coordinates": [ [ -71.11549, 42.372534 ] ] } },
{ "type": "Feature", "properties": { "gpkg_fid": 131, "felt:feature": 131, "felt:has_geometry": true, "Group Member": "Hayden", "Photograph Number": "", "Year": "2013", "Title": "view down pathway towards steps", "Photographer": "Ralph Lieberman", "Given Information": "", "Added Description": "view of dudley garden steps", "Coordinates": "42.372693, -71.115872", "Y": "42.372693", "X": "-71.115872", "Link to Image": "http://id.lib.harvard.edu/via/8000908075/urn-3:FHCL:10976039/catalog", "Image Address (old)": "https://ids.lib.harvard.edu/ids/iiif/46712542/full/,150/0/default.jpg", "Image Address": "https://ids.lib.harvard.edu/ids/iiif/46712542/369,978,2027,2846/800,/0/default.jpg" }, "geometry": { "type": "MultiPoint", "coordinates": [ [ -71.115872, 42.372693 ] ] } },
{ "type": "Feature", "properties": { "gpkg_fid": 132, "felt:feature": 132, "felt:has_geometry": true, "Group Member": "Hayden", "Photograph Number": "", "Year": "2013", "Title": "view of path", "Photographer": "Ralph Lieberman", "Given Information": "", "Added Description": "view of path in the garden", "Coordinates": "42.372594, -71.115752", "Y": "42.372594", "X": "-71.115752", "Link to Image": "http://id.lib.harvard.edu/via/8000908075/urn-3:FHCL:10976040/catalog", "Image Address (old)": "https://ids.lib.harvard.edu/ids/iiif/46712543/full/,150/0/default.jpg", "Image Address": "https://ids.lib.harvard.edu/ids/iiif/46712543/637,888,1867,2603/800,/0/default.jpg" }, "geometry": { "type": "MultiPoint", "coordinates": [ [ -71.115752, 42.372594 ] ] } },
{ "type": "Feature", "properties": { "gpkg_fid": 133, "felt:feature": 133, "felt:has_geometry": true, "Group Member": "Hayden", "Photograph Number": "", "Year": "2013", "Title": "view of path with lamont library at left", "Photographer": "Ralph Lieberman", "Given Information": "", "Added Description": "view of path with lamont library at left", "Coordinates": "42.372581, -71.115725", "Y": "42.372581", "X": "-71.115725", "Link to Image": "http://id.lib.harvard.edu/via/8000908075/urn-3:FHCL:10976041/catalog", "Image Address (old)": "https://ids.lib.harvard.edu/ids/iiif/46712544/full/,150/0/default.jpg", "Image Address": "https://ids.lib.harvard.edu/ids/iiif/46712544/538,627,1888,3015/800,/0/default.jpg" }, "geometry": { "type": "MultiPoint", "coordinates": [ [ -71.115725, 42.372581 ] ] } },
{ "type": "Feature", "properties": { "gpkg_fid": 134, "felt:feature": 134, "felt:has_geometry": true, "Group Member": "Hayden", "Photograph Number": "", "Year": "2013", "Title": "View of path; in background: buildings across Massachusetts Ave. from Harvard Yard", "Photographer": "Ralph Lieberman", "Given Information": "", "Added Description": "View of path; in background: buildings across Massachusetts Ave. from Harvard Yard", "Coordinates": "42.372542, -71.115564", "Y": "42.372542", "X": "-71.115564", "Link to Image": "http://id.lib.harvard.edu/via/8000908075/urn-3:FHCL:10976051/catalog", "Image Address (old)": "https://ids.lib.harvard.edu/ids/iiif/46712554/full/,150/0/default.jpg", "Image Address": "https://ids.lib.harvard.edu/ids/iiif/46712554/430,604,2235,3210/800,/0/default.jpg" }, "geometry": { "type": "MultiPoint", "coordinates": [ [ -71.115564, 42.372542 ] ] } },
{ "type": "Feature", "properties": { "gpkg_fid": 135, "felt:feature": 135, "felt:has_geometry": true, "Group Member": "Hayden", "Photograph Number": "", "Year": "2013", "Title": "View of sundial (left of center) with one of two curved benches and Lamont Library in background", "Photographer": "Ralph Lieberman", "Given Information": "", "Added Description": "View of sundial (left of center) with one of two curved benches and Lamont Library in background", "Coordinates": "42.372526, -71.115491", "Y": "42.372526", "X": "-71.115491", "Link to Image": "http://id.lib.harvard.edu/via/8000908075/urn-3:FHCL:10976049/catalog", "Image Address (old)": "https://ids.lib.harvard.edu/ids/iiif/46712552/full/,150/0/default.jpg", "Image Address": "https://ids.lib.harvard.edu/ids/iiif/46712552/434,680,3479,2052/800,/0/default.jpg" }, "geometry": { "type": "MultiPoint", "coordinates": [ [ -71.115491, 42.372526 ] ] } },
{ "type": "Feature", "properties": { "gpkg_fid": 136, "felt:feature": 136, "felt:has_geometry": true, "Group Member": "Hayden", "Photograph Number": "", "Year": "2013", "Title": "View toward bench at end of lawn; Lamont Library in background", "Photographer": "Ralph Lieberman", "Given Information": "", "Added Description": "View toward bench at end of lawn; Lamont Library in background", "Coordinates": "42.372508, -71.115385", "Y": "42.372508", "X": "-71.115385", "Link to Image": "http://id.lib.harvard.edu/via/8000908075/urn-3:FHCL:10976045/catalog", "Image Address (old)": "https://ids.lib.harvard.edu/ids/iiif/46712548/full/,150/0/default.jpg", "Image Address": "https://ids.lib.harvard.edu/ids/iiif/46712548/582,530,1995,2430/800,/0/default.jpg" }, "geometry": { "type": "MultiPoint", "coordinates": [ [ -71.115385, 42.372508 ] ] } },
{ "type": "Feature", "properties": { "gpkg_fid": 137, "felt:feature": 137, "felt:has_geometry": true, "Group Member": "Hayden", "Photograph Number": "", "Year": "2013", "Title": "view toward steps, lamont library at left ", "Photographer": "Ralph Lieberman", "Given Information": "", "Added Description": "view toward steps, lamont library at left ", "Coordinates": "42.372524, -71.115507", "Y": "42.372524", "X": "-71.115507", "Link to Image": "http://id.lib.harvard.edu/via/8000908075/urn-3:FHCL:10976043/catalog", "Image Address (old)": "https://ids.lib.harvard.edu/ids/iiif/46712546/full/,150/0/default.jpg", "Image Address": "https://ids.lib.harvard.edu/ids/iiif/46712546/510,688,1787,3068/800,/0/default.jpg" }, "geometry": { "type": "MultiPoint", "coordinates": [ [ -71.115507, 42.372524 ] ] } },
{ "type": "Feature", "properties": { "gpkg_fid": 138, "felt:feature": 138, "felt:has_geometry": true, "Group Member": "Hayden", "Photograph Number": "", "Year": "2013", "Title": "View toward west, showing back of one of the curved benches; Lamont Library at right", "Photographer": "Ralph Lieberman", "Given Information": "", "Added Description": "View toward west, showing back of one of the curved benches; Lamont Library at right", "Coordinates": "42.372487, -71.115340", "Y": "42.372487", "X": "-71.11534", "Link to Image": "http://id.lib.harvard.edu/via/8000908075/urn-3:FHCL:10976047/catalog", "Image Address (old)": "https://ids.lib.harvard.edu/ids/iiif/46712550/full/,150/0/default.jpg", "Image Address": "https://ids.lib.harvard.edu/ids/iiif/46712550/583,425,3260,2170/800,/0/default.jpg" }, "geometry": { "type": "MultiPoint", "coordinates": [ [ -71.11534, 42.372487 ] ] } },
{ "type": "Feature", "properties": { "gpkg_fid": 139, "felt:feature": 139, "felt:has_geometry": true, "Group Member": "Hayden", "Photograph Number": "", "Year": "2013", "Title": "view towards bench, past sundial, lamont library at right", "Photographer": "Ralph Lieberman", "Given Information": "", "Added Description": "view towards bench, past sundial, lamont library at right", "Coordinates": "42.372510, -71.115398", "Y": "42.37251", "X": "-71.115398", "Link to Image": "http://id.lib.harvard.edu/via/8000908075/urn-3:FHCL:10976044/catalog", "Image Address (old)": "https://ids.lib.harvard.edu/ids/iiif/46712547/full/,150/0/default.jpg", "Image Address": "https://ids.lib.harvard.edu/ids/iiif/46712547/510,816,1915,2633/800,/0/default.jpg" }, "geometry": { "type": "MultiPoint", "coordinates": [ [ -71.115398, 42.37251 ] ] } },
{ "type": "Feature", "properties": { "gpkg_fid": 140, "felt:feature": 140, "felt:has_geometry": true, "Group Member": "Hayden", "Photograph Number": "", "Year": "2013", "Title": "view with lamont library at left", "Photographer": "Ralph Lieberman", "Given Information": "", "Added Description": "view with lamont library at left", "Coordinates": "42.372568, -71.115643", "Y": "42.372568", "X": "-71.115643", "Link to Image": "http://id.lib.harvard.edu/via/8000908075/urn-3:FHCL:10976042/catalog", "Image Address (old)": "https://ids.lib.harvard.edu/ids/iiif/46712545/full/,150/0/default.jpg", "Image Address": "https://ids.lib.harvard.edu/ids/iiif/46712545/491,491,1769,2309/800,/0/default.jpg" }, "geometry": { "type": "MultiPoint", "coordinates": [ [ -71.115643, 42.372568 ] ] } },
{ "type": "Feature", "properties": { "gpkg_fid": 141, "felt:feature": 141, "felt:has_geometry": true, "Group Member": "Hayden", "Photograph Number": "", "Year": "Date Unknown", "Title": "Exterior view of lamont library", "Photographer": "unkown", "Given Information": "Dimensions: 18 x 10 inches, gelatin silver process", "Added Description": "View of lamont from barker center", "Coordinates": "42.372877, -71.114632", "Y": "42.372877", "X": "-71.114632", "Link to Image": "http://id.lib.harvard.edu/via/olvwork309058/catalog", "Image Address (old)": "https://ids.lib.harvard.edu/ids/iiif/4830923/full/,150/0/default.jpg", "Image Address": "https://ids.lib.harvard.edu/ids/iiif/4830923/228,234,1952,1529/800,/0/default.jpg" }, "geometry": { "type": "MultiPoint", "coordinates": [ [ -71.114632, 42.372877 ] ] } },
{ "type": "Feature", "properties": { "gpkg_fid": 142, "felt:feature": 142, "felt:has_geometry": true, "Group Member": "Hayden", "Photograph Number": "", "Year": "Date Unknown", "Title": "Exterior view of lamont library", "Photographer": "unkown", "Given Information": "Dimensions: 18 x 10 inches, gelatin silver process", "Added Description": "View of lamont looking towards the front entrance", "Coordinates": "42.372927, -71.115157", "Y": "42.372927", "X": "-71.115157", "Link to Image": "http://id.lib.harvard.edu/via/olvwork309059/catalog", "Image Address (old)": "https://ids.lib.harvard.edu/ids/iiif/4830925/full/,150/0/default.jpg", "Image Address": "https://ids.lib.harvard.edu/ids/iiif/4830925/36,36,2232,1770/800,/0/default.jpg" }, "geometry": { "type": "MultiPoint", "coordinates": [ [ -71.115157, 42.372927 ] ] } },
{ "type": "Feature", "properties": { "gpkg_fid": 143, "felt:feature": 143, "felt:has_geometry": true, "Group Member": "Hayden", "Photograph Number": "", "Year": "1900s", "Title": "Quincy Square and Gate", "Photographer": "unkown", "Given Information": "", "Added Description": "View of Dana hall and quincy square before lamont", "Coordinates": "42.372057, -71.115526", "Y": "42.372057", "X": "-71.115526", "Link to Image": "http://id.lib.harvard.edu/via/olvsite6556/urn-3:GSD.loeb:111379/catalog", "Image Address (old)": "https://ids.lib.harvard.edu/ids/iiif/642798/full/,150/0/default.jpg", "Image Address": "https://ids.lib.harvard.edu/ids/iiif/642798/5,7,437,274/600,/0/default.jpg" }, "geometry": { "type": "MultiPoint", "coordinates": [ [ -71.115526, 42.372057 ] ] } },
{ "type": "Feature", "properties": { "gpkg_fid": 144, "felt:feature": 144, "felt:has_geometry": true, "Group Member": "Hayden", "Photograph Number": "", "Year": "Date unkown", "Title": "Exterior view of lamont and widener memorial library", "Photographer": "", "Given Information": "", "Added Description": "View of lamont and houghton", "Coordinates": "42.373382, -71.115772", "Y": "42.373382", "X": "-71.115772", "Link to Image": "http://id.lib.harvard.edu/via/olvwork309060/catalog", "Image Address (old)": "", "Image Address": "https://ids.lib.harvard.edu/ids/iiif/4830927/30,32,1848,1862/800,/0/default.jpg" }, "geometry": { "type": "MultiPoint", "coordinates": [ [ -71.115772, 42.373382 ] ] } },
{ "type": "Feature", "properties": { "gpkg_fid": 145, "felt:feature": 145, "felt:has_geometry": false, "Group Member": "IMGUR ACCOUNT", "Photograph Number": "Username: ReWilding101\nPassword: rewilding101", "Year": "", "Title": "", "Photographer": "", "Given Information": "", "Added Description": "", "Coordinates": "", "Y": "", "X": "", "Link to Image": "", "Image Address (old)": "", "Image Address": "" }, "geometry": { "type": "MultiPoint", "coordinates": [ ] } },
{ "type": "Feature", "properties": { "gpkg_fid": 146, "felt:feature": 146, "felt:has_geometry": true, "Group Member": "Mia", "Photograph Number": "", "Year": "1858", "Title": "Massachusetts Hall, looking north from Harvard Square", "Photographer": "Unknown", "Given Information": "", "Added Description": "", "Coordinates": "42.374399, -71.118786", "Y": "42.374399", "X": "-71.118786", "Link to Image": "https://hollis.harvard.edu/primo-explore/fulldisplay?docid=HVD_VIAHUAM155626&context=L&vid=HVD2&lang=en_US&search_scope=everything&adaptor=Local%20Search%20Engine&tab=everything&query=any,contains,%22carpenter%20center%22%20harvard&facet=topic,include,photographs&offset=0", "Image Address (old)": "", "Image Address": "https://i.imgur.com/WWHpKFH.jpeg" }, "geometry": { "type": "MultiPoint", "coordinates": [ [ -71.118786, 42.374399 ] ] } },
{ "type": "Feature", "properties": { "gpkg_fid": 147, "felt:feature": 147, "felt:has_geometry": true, "Group Member": "Mia", "Photograph Number": "", "Year": "1875", "Title": "view from Memorial Tower, 1875", "Photographer": "Unknown", "Given Information": "Frances L. Loeb Library, Harvard University Graduate School of Design 119384", "Added Description": "", "Coordinates": "42.375583, -71.114667", "Y": "42.375583", "X": "-71.114667", "Link to Image": "https://hollis.harvard.edu/primo-explore/viewcomponent/L/HVD_VIAolvsite6556?vid=HVD2&imageId=urn-3:GSD.loeb:111458&adaptor=Local%20Search%20Engine", "Image Address (old)": "", "Image Address": "https://i.imgur.com/zOXp41z.jpeg" }, "geometry": { "type": "MultiPoint", "coordinates": [ [ -71.114667, 42.375583 ] ] } },
{ "type": "Feature", "properties": { "gpkg_fid": 148, "felt:feature": 148, "felt:has_geometry": false, "Group Member": "Mia", "Photograph Number": "", "Year": "1904", "Title": "1904 Harvard Calendar. The Harvard Union.", "Photographer": "Unknown", "Given Information": "Chas. H. Elliott Co. [publisher]", "Added Description": "", "Coordinates": "42.372335, -71.115467", "Y": "42.372335,", "X": "-71.115467", "Link to Image": "https://hollis.harvard.edu/primo-explore/fulldisplay?docid=HVD_VIAolvwork418560&context=L&vid=HVD2&lang=en_US&search_scope=everything&adaptor=Local%20Search%20Engine&tab=everything&query=any,contains,%22harvard%20union%22%20harvard&offset=0", "Image Address (old)": "", "Image Address": "https://i.imgur.com/Hb1P3ds.jpeg" }, "geometry": { "type": "MultiPoint", "coordinates": [ ] } },
{ "type": "Feature", "properties": { "gpkg_fid": 149, "felt:feature": 149, "felt:has_geometry": true, "Group Member": "Mia", "Photograph Number": "", "Year": "1905", "Title": "view from Memorial Tower, 1905", "Photographer": "Unknown", "Given Information": "", "Added Description": "", "Coordinates": "42.375583, -71.114667", "Y": "42.375583", "X": "-71.114667", "Link to Image": "https://hollis.harvard.edu/primo-explore/viewcomponent/L/HVD_VIAolvsite6556?vid=HVD2&imageId=urn-3:GSD.loeb:111375&adaptor=Local%20Search%20Engine", "Image Address (old)": "", "Image Address": "https://i.imgur.com/wKOk4bl.jpeg" }, "geometry": { "type": "MultiPoint", "coordinates": [ [ -71.114667, 42.375583 ] ] } },
{ "type": "Feature", "properties": { "gpkg_fid": 150, "felt:feature": 150, "felt:has_geometry": false, "Group Member": "Mia", "Photograph Number": "", "Year": "1910", "Title": "Harvard Union, photograph, ca. 1910", "Photographer": "Unknown", "Given Information": "", "Added Description": "", "Coordinates": "42.372335, -71.115467", "Y": "42.372335,", "X": "-71.115467", "Link to Image": "https://hollis.harvard.edu/primo-explore/fulldisplay?docid=HVD_VIAolvwork401260&context=L&vid=HVD2&lang=en_US&search_scope=everything&adaptor=Local%20Search%20Engine&tab=everything&query=any,contains,%22harvard%20union%22%20harvard&offset=0", "Image Address (old)": "", "Image Address": "https://i.imgur.com/giys0ie.jpeg" }, "geometry": { "type": "MultiPoint", "coordinates": [ ] } },
{ "type": "Feature", "properties": { "gpkg_fid": 151, "felt:feature": 151, "felt:has_geometry": false, "Group Member": "Mia", "Photograph Number": "", "Year": "1930", "Title": "Harvard Union, [photograph, ca. 1930]", "Photographer": "Unknown", "Given Information": "", "Added Description": "", "Coordinates": "42.372335, -71.115467", "Y": "42.372335,", "X": "-71.115467", "Link to Image": "https://hollis.harvard.edu/primo-explore/fulldisplay?docid=HVD_VIAolvwork625489&context=L&vid=HVD2&lang=en_US&search_scope=everything&adaptor=Local%20Search%20Engine&tab=everything&query=any,contains,%22harvard%20union%22%20harvard&offset=0", "Image Address (old)": "", "Image Address": "https://i.imgur.com/OWiAQGq.jpeg" }, "geometry": { "type": "MultiPoint", "coordinates": [ ] } },
{ "type": "Feature", "properties": { "gpkg_fid": 152, "felt:feature": 152, "felt:has_geometry": true, "Group Member": "Mia", "Photograph Number": "", "Year": "1930", "Title": "Harvard Yard , General View [photograph, ca. 1930]", "Photographer": "Unknown", "Given Information": "", "Added Description": "", "Coordinates": "42.374312, -71.115839", "Y": "42.374312", "X": "-71.115839", "Link to Image": "https://hollis.harvard.edu/primo-explore/fulldisplay?docid=HVD_VIAolvwork361414&context=L&vid=HVD2&lang=en_US&search_scope=everything&adaptor=Local%20Search%20Engine&tab=everything&query=any,contains,harvard%20yard&facet=rtype,include,images&offset=0", "Image Address (old)": "", "Image Address": "https://i.imgur.com/3cICFwH.jpeg" }, "geometry": { "type": "MultiPoint", "coordinates": [ [ -71.115839, 42.374312 ] ] } },
{ "type": "Feature", "properties": { "gpkg_fid": 153, "felt:feature": 153, "felt:has_geometry": true, "Group Member": "Mia", "Photograph Number": "", "Year": "2012", "Title": "Harvard Yard, Harvard University, Cambridge, Massachusetts, United States", "Photographer": "Lieberman, Ralph, American , 1939- [photographer]", "Given Information": "Harvard Fine Arts Library, Special Collections d2013.00630", "Added Description": "", "Coordinates": "42.373823, -71.114722", "Y": "42.373823", "X": "-71.114722", "Link to Image": "https://hollis.harvard.edu/primo-explore/viewcomponent/L/HVD_VIAolvsite6556?vid=HVD2&imageId=urn-3:FHCL:9262960&adaptor=Local%20Search%20Engine", "Image Address (old)": "", "Image Address": "https://i.imgur.com/HmeVw8b.jpeg" }, "geometry": { "type": "MultiPoint", "coordinates": [ [ -71.114722, 42.373823 ] ] } },
{ "type": "Feature", "properties": { "gpkg_fid": 154, "felt:feature": 154, "felt:has_geometry": true, "Group Member": "Mia", "Photograph Number": "", "Year": "1910", "Title": "Harvard Square", "Photographer": "Rowell, Paul", "Given Information": "", "Added Description": "", "Coordinates": "42.373434, -71.118876", "Y": "42.373434", "X": "-71.118876", "Link to Image": "https://hollis.harvard.edu/primo-explore/viewcomponent/L/HVD_VIAHUAM145168?vid=HVD2&imageId=urn-3:HUAM:MBTA10289P_dynmc&adaptor=Local%20Search%20Engine", "Image Address (old)": "", "Image Address": "https://i.imgur.com/w3RaozZ.jpeg" }, "geometry": { "type": "MultiPoint", "coordinates": [ [ -71.118876, 42.373434 ] ] } },
{ "type": "Feature", "properties": { "gpkg_fid": 155, "felt:feature": 155, "felt:has_geometry": true, "Group Member": "Mia", "Photograph Number": "", "Year": "1900-1904", "Title": "Robinson Hall", "Photographer": "Wilson, Richard Guy", "Given Information": "Robinson Hall, completed in 1904 to house the Harvard architecture department, held the Harvard graduate school of design before the construction of Grund Hall in 1972. Now the building houses the history department. -- http://www.everytrail.com/guide/harvard-yard-tour/map#poi-15", "Added Description": "", "Coordinates": "42.374538, -71.115007", "Y": "42.374538", "X": "-71.115007", "Link to Image": "https://www.jstor.org/stable/community.16228076", "Image Address (old)": "", "Image Address": "https://i.imgur.com/ko8eHua.jpeg" }, "geometry": { "type": "MultiPoint", "coordinates": [ [ -71.115007, 42.374538 ] ] } },
{ "type": "Feature", "properties": { "gpkg_fid": 156, "felt:feature": 156, "felt:has_geometry": true, "Group Member": "Mia", "Photograph Number": "", "Year": "1910-1920", "Title": "View of Emerson Hall", "Photographer": "Unknown", "Given Information": "", "Added Description": "", "Coordinates": "42.373854, -71.115968", "Y": "42.373854", "X": "-71.115968", "Link to Image": "https://hollis.harvard.edu/primo-explore/fulldisplay?docid=HVD_VIAolvwork308593&context=L&vid=HVD2&lang=en_US&search_scope=everything&adaptor=Local%20Search%20Engine&tab=everything&query=any,contains,emerson%20hall%20harvard&facet=rtype,include,images&offset=0", "Image Address (old)": "", "Image Address": "https://i.imgur.com/v5FA8gU.jpeg" }, "geometry": { "type": "MultiPoint", "coordinates": [ [ -71.115968, 42.373854 ] ] } },
{ "type": "Feature", "properties": { "gpkg_fid": 157, "felt:feature": 157, "felt:has_geometry": true, "Group Member": "Mia", "Photograph Number": "", "Year": "1910-1920", "Title": "View of Robinson Hall.", "Photographer": "Detroit Publishing Co., publisher", "Given Information": "", "Added Description": "", "Coordinates": "42.374406, -71.114888", "Y": "42.374406", "X": "-71.114888", "Link to Image": "https://hollis.harvard.edu/primo-explore/fulldisplay?docid=HVD_VIAolvwork308594&context=L&vid=HVD2&lang=en_US&search_scope=everything&adaptor=Local%20Search%20Engine&tab=everything&query=any,contains,robinson%20hall%20harvard&facet=rtype,include,images&offset=0", "Image Address (old)": "", "Image Address": "https://i.imgur.com/abYy9uW.jpeg" }, "geometry": { "type": "MultiPoint", "coordinates": [ [ -71.114888, 42.374406 ] ] } },
{ "type": "Feature", "properties": { "gpkg_fid": 158, "felt:feature": 158, "felt:has_geometry": true, "Group Member": "Mia", "Photograph Number": "", "Year": "1910-1920", "Title": "Robinson Hall, Harvard University, Cambridge, Mass.", "Photographer": "Unknown, published by Detroit Publishing Co.", "Given Information": "\"Taylor 46\" on negative, Detroit Publishing Co. no. 072341. Gift; State Historical Society of Colorado; 1949.", "Added Description": "", "Coordinates": "42.374397, -71.114871", "Y": "42.374397", "X": "-71.114871", "Link to Image": "https://www.loc.gov/item/2016815666/", "Image Address (old)": "", "Image Address": "https://tile.loc.gov/storage-services/service/pnp/det/4a20000/4a24000/4a24000/4a24039v.jpg" }, "geometry": { "type": "MultiPoint", "coordinates": [ [ -71.114871, 42.374397 ] ] } },
{ "type": "Feature", "properties": { "gpkg_fid": 159, "felt:feature": 159, "felt:has_geometry": true, "Group Member": "Mia", "Photograph Number": "", "Year": "1913-1920", "Title": "Cambridge, Mass., Harvard Univ. yard & library", "Photographer": "Unknown", "Given Information": "Detroit Publishing Co. no. 0500453", "Added Description": "", "Coordinates": "42.374126, -71.116827", "Y": "42.374126", "X": "-71.116827", "Link to Image": "https://www.loc.gov/item/2016796008/", "Image Address (old)": "", "Image Address": "https://tile.loc.gov/storage-services/service/pnp/det/4a20000/4a25000/4a25400/4a25438v.jpg" }, "geometry": { "type": "MultiPoint", "coordinates": [ [ -71.116827, 42.374126 ] ] } },
{ "type": "Feature", "properties": { "gpkg_fid": 160, "felt:feature": 160, "felt:has_geometry": true, "Group Member": "Mia", "Photograph Number": "", "Year": "Date Unknown", "Title": "Holden Chapel", "Photographer": "Warren, George Kendall", "Given Information": "", "Added Description": "", "Coordinates": "42.375556, -71.118493", "Y": "42.375556", "X": "-71.118493", "Link to Image": "https://hollis.harvard.edu/primo-explore/viewcomponent/L/HVD_VIAHUAM149469?vid=HVD2&imageId=urn-3:HUAM:INV151559_dynmc&adaptor=Local%20Search%20Engine", "Image Address (old)": "", "Image Address": "https://i.imgur.com/OanQBsc.jpeg" }, "geometry": { "type": "MultiPoint", "coordinates": [ [ -71.118493, 42.375556 ] ] } },
{ "type": "Feature", "properties": { "gpkg_fid": 161, "felt:feature": 161, "felt:has_geometry": true, "Group Member": "Mia", "Photograph Number": "", "Year": "Date Unknown", "Title": "Sever Hall", "Photographer": "Unknown", "Given Information": "", "Added Description": "", "Coordinates": "42.374684, -71.115696", "Y": "42.374684", "X": "-71.115696", "Link to Image": "https://www.jstor.org/stable/community.193346", "Image Address (old)": "", "Image Address": "https://i.imgur.com/1xnDUak.jpeg" }, "geometry": { "type": "MultiPoint", "coordinates": [ [ -71.115696, 42.374684 ] ] } },
{ "type": "Feature", "properties": { "gpkg_fid": 162, "felt:feature": 162, "felt:has_geometry": true, "Group Member": "Mia", "Photograph Number": "", "Year": "Date Unknown", "Title": "View of Emerson Hall", "Photographer": "Unknown", "Given Information": "", "Added Description": "", "Coordinates": "42.373854, -71.115968", "Y": "42.373854", "X": "-71.115968", "Link to Image": "https://hollis.harvard.edu/primo-explore/fulldisplay?docid=HVD_VIAolvwork308593&context=L&vid=HVD2&lang=en_US&search_scope=everything&adaptor=Local%20Search%20Engine&tab=everything&query=any,contains,emerson%20hall%20harvard&facet=genre,include,photographs&offset=0", "Image Address (old)": "", "Image Address": "https://i.imgur.com/v5FA8gU.jpeg" }, "geometry": { "type": "MultiPoint", "coordinates": [ [ -71.115968, 42.373854 ] ] } },
{ "type": "Feature", "properties": { "gpkg_fid": 163, "felt:feature": 163, "felt:has_geometry": true, "Group Member": "Niki", "Photograph Number": "", "Year": "1844", "Title": "Gore Hall, Harvard Yard", "Photographer": "Cooke IV, Joseph P.", "Given Information": "", "Added Description": "Front and left side of Gore Hall", "Coordinates": "42.373991, -71.115649", "Y": "42.373991", "X": "-71.115649", "Link to Image": "https://images.hollis.harvard.edu/permalink/f/100kie6/HVD_VIAolvwork245299", "Image Address (old)": "", "Image Address": "https://i.imgur.com/PqbWtom.png" }, "geometry": { "type": "MultiPoint", "coordinates": [ [ -71.115649, 42.373991 ] ] } },
{ "type": "Feature", "properties": { "gpkg_fid": 164, "felt:feature": 164, "felt:has_geometry": true, "Group Member": "Niki", "Photograph Number": "", "Year": "1874", "Title": "Gore Hall.", "Photographer": "William Notman", "Given Information": "", "Added Description": "Image of Gore Hall, the library in Harvard Yard before Widener was built", "Coordinates": "42.374048, -71.116326", "Y": "42.374048", "X": "-71.116326", "Link to Image": "http://id.lib.harvard.edu/images/olvwork416449/catalog", "Image Address (old)": "", "Image Address": "https://i.imgur.com/yMwe4Pn.png" }, "geometry": { "type": "MultiPoint", "coordinates": [ [ -71.116326, 42.374048 ] ] } },
{ "type": "Feature", "properties": { "gpkg_fid": 165, "felt:feature": 165, "felt:has_geometry": true, "Group Member": "Niki", "Photograph Number": "", "Year": "1912", "Title": "[Removing books from Gore Hall prior to its demolition, photograph, ca. 1912]", "Photographer": "", "Given Information": "", "Added Description": "Moving books from a side window in Gore Hall ", "Coordinates": "42.374280, -71.116753", "Y": "42.37428", "X": "-71.116753", "Link to Image": "https://images.hollis.harvard.edu/permalink/f/100kie6/HVD_VIAolvwork372007", "Image Address (old)": "", "Image Address": "https://i.imgur.com/h2i3dXQ.png" }, "geometry": { "type": "MultiPoint", "coordinates": [ [ -71.116753, 42.37428 ] ] } },
{ "type": "Feature", "properties": { "gpkg_fid": 166, "felt:feature": 166, "felt:has_geometry": true, "Group Member": "Niki", "Photograph Number": "", "Year": "1912", "Title": "Moving books from Gore Hall [photograph, ca. 1912]", "Photographer": "", "Given Information": "", "Added Description": "Moving books from the front window in Gore Hall ", "Coordinates": "42.373628, -71.115878", "Y": "42.373628", "X": "-71.115878", "Link to Image": "http://id.lib.harvard.edu/images/olvwork638791/catalog", "Image Address (old)": "", "Image Address": "https://i.imgur.com/LpWbyA6.png" }, "geometry": { "type": "MultiPoint", "coordinates": [ [ -71.115878, 42.373628 ] ] } },
{ "type": "Feature", "properties": { "gpkg_fid": 167, "felt:feature": 167, "felt:has_geometry": true, "Group Member": "Niki", "Photograph Number": "", "Year": "1913", "Title": "The Widener Library under construction, 4 December 1913 [reprint photograph, 1974]", "Photographer": "Harvard University Archives HUV 49 (25-5)", "Given Information": "HUV 49 (25-5) The Widener Library under construction, 4 December 1913", "Added Description": "View of the front of Widener Library under construction ", "Coordinates": "42.374355, -71.116256", "Y": "42.374355", "X": "-71.116256", "Link to Image": "http://id.lib.harvard.edu/images/olvwork368376/catalog", "Image Address (old)": "", "Image Address": "https://i.imgur.com/imq67Kc.png" }, "geometry": { "type": "MultiPoint", "coordinates": [ [ -71.116256, 42.374355 ] ] } },
{ "type": "Feature", "properties": { "gpkg_fid": 168, "felt:feature": 168, "felt:has_geometry": true, "Group Member": "Niki", "Photograph Number": "", "Year": "1914", "Title": "Widener Library", "Photographer": "HVD - Images", "Given Information": "HUV 49 (19-3b) Widener Library, 1914", "Added Description": "View of the front and right side of Widener Library", "Coordinates": "42.374152, -71.116751", "Y": "42.374152", "X": "-71.116751", "Link to Image": "http://id.lib.harvard.edu/images/olvwork368185/catalog", "Image Address (old)": "https://ids.lib.harvard.edu/ids/iiif/6593167/full/,150/0/default.jpg", "Image Address": "https://i.imgur.com/UJdvJRO.png" }, "geometry": { "type": "MultiPoint", "coordinates": [ [ -71.116751, 42.374152 ] ] } },
{ "type": "Feature", "properties": { "gpkg_fid": 169, "felt:feature": 169, "felt:has_geometry": true, "Group Member": "Niki", "Photograph Number": "", "Year": "1914", "Title": "Widener Library", "Photographer": "Harvard University Archives HUV 49 (19-5b)", "Given Information": "HUV 49 (19-5b) Widener Library, ca. 1914", "Added Description": "View of the front and left side of Widener Library", "Coordinates": "42.374043, -71.115515", "Y": "42.374043", "X": "-71.115515", "Link to Image": "https://images.hollis.harvard.edu/permalink/f/100kie6/HVD_VIAolvwork368186", "Image Address (old)": "https://ids.lib.harvard.edu/ids/iiif/6593168/full/,150/0/default.jpg", "Image Address": "https://i.imgur.com/kYmyrTD.png" }, "geometry": { "type": "MultiPoint", "coordinates": [ [ -71.115515, 42.374043 ] ] } },
{ "type": "Feature", "properties": { "gpkg_fid": 170, "felt:feature": 170, "felt:has_geometry": true, "Group Member": "Niki", "Photograph Number": "", "Year": "1914", "Title": "Widener Library [exterior view, photograph, ca. 1914]", "Photographer": "Harvard University Archives HUV 49 (19-4a)", "Given Information": "HUV 49 (19-4a) Widener Library exterior view, ca. 1914", "Added Description": "View of the paths in front of  and to the right of Widener Library", "Coordinates": "42.374616, -71.116837", "Y": "42.374616", "X": "-71.116837", "Link to Image": "http://id.lib.harvard.edu/images/olvwork368367/catalog", "Image Address (old)": "", "Image Address": "https://i.imgur.com/0DMVkrB.png" }, "geometry": { "type": "MultiPoint", "coordinates": [ [ -71.116837, 42.374616 ] ] } },
{ "type": "Feature", "properties": { "gpkg_fid": 171, "felt:feature": 171, "felt:has_geometry": true, "Group Member": "Niki", "Photograph Number": "", "Year": "1914", "Title": "Widener Library [photograph, 1914]", "Photographer": "Harvard University Archives HUV 49 (19-3b)", "Given Information": "HUV 49 (19-3b) Widener Library, 1914", "Added Description": "View of the paths in front of and to the right of Widener Library", "Coordinates": "42.374174, -71.116890", "Y": "42.374174", "X": "-71.11689", "Link to Image": "http://id.lib.harvard.edu/images/olvwork368185/catalog", "Image Address (old)": "", "Image Address": "https://i.imgur.com/8iJ9WxN.png" }, "geometry": { "type": "MultiPoint", "coordinates": [ [ -71.11689, 42.374174 ] ] } },
{ "type": "Feature", "properties": { "gpkg_fid": 172, "felt:feature": 172, "felt:has_geometry": true, "Group Member": "Niki", "Photograph Number": "", "Year": "1915", "Title": "[Widener Library exterior view, photograph, December 10, 1915]", "Photographer": "Harvard University Archives HUV 49 (16-10)", "Given Information": "HUV 49 (16-10) Widener Library exterior view, December 10, 1915", "Added Description": "View of the paths in front of and to the right of Widener Library", "Coordinates": "42.374217, -71.116959", "Y": "42.374217", "X": "-71.116959", "Link to Image": "http://id.lib.harvard.edu/images/olvwork368169/catalog", "Image Address (old)": "https://imgur.com/a/haBuAQN", "Image Address": "https://i.imgur.com/XJ9SaXY.png" }, "geometry": { "type": "MultiPoint", "coordinates": [ [ -71.116959, 42.374217 ] ] } },
{ "type": "Feature", "properties": { "gpkg_fid": 173, "felt:feature": 173, "felt:has_geometry": true, "Group Member": "Niki", "Photograph Number": "", "Year": "1920", "Title": "General Pershing enters Widener Library to view the Roll of Honor on Memorial Day, May 30, 1920 [photograph]", "Photographer": "", "Given Information": "", "Added Description": "Photo from the side of Widener Library during an event", "Coordinates": "42.374088, -71.116835", "Y": "42.374088", "X": "-71.116835", "Link to Image": "https://images.hollis.harvard.edu/permalink/f/100kie6/HVD_VIAolvwork721341", "Image Address (old)": "", "Image Address": "https://i.imgur.com/51Vrp88.png" }, "geometry": { "type": "MultiPoint", "coordinates": [ [ -71.116835, 42.374088 ] ] } },
{ "type": "Feature", "properties": { "gpkg_fid": 174, "felt:feature": 174, "felt:has_geometry": true, "Group Member": "Niki", "Photograph Number": "", "Year": "1936", "Title": "Widener Library", "Photographer": "Harvard University Archives HUV 49 (18-5)", "Given Information": "HUV 49 (18-5) Widener Library, 1936", "Added Description": "View of the left of Widener Library and the corner of Houghton Library", "Coordinates": "42.373722, -71.116888", "Y": "42.373722", "X": "-71.116888", "Link to Image": "http://id.lib.harvard.edu/images/olvwork368184/catalog", "Image Address (old)": "https://ids.lib.harvard.edu/ids/iiif/6593166/full/,150/0/default.jpg", "Image Address": "https://i.imgur.com/cTL2Ghg.png" }, "geometry": { "type": "MultiPoint", "coordinates": [ [ -71.116888, 42.373722 ] ] } },
{ "type": "Feature", "properties": { "gpkg_fid": 175, "felt:feature": 175, "felt:has_geometry": true, "Group Member": "Niki", "Photograph Number": "", "Year": "1936", "Title": "Widener Library (rear) [photograph, ca. 1936]", "Photographer": "Harvard University Archives HUV 49 (18-2)", "Given Information": "HUV 49 (18-2) Widener Library (rear), ca. 1936", "Added Description": "Back view of Widener Library from Massachusetts Ave", "Coordinates": "42.372866, -71.116695", "Y": "42.372866", "X": "-71.116695", "Link to Image": "http://id.lib.harvard.edu/images/olvwork368183/catalog", "Image Address (old)": "", "Image Address": "https://i.imgur.com/zCMl2QL.png" }, "geometry": { "type": "MultiPoint", "coordinates": [ [ -71.116695, 42.372866 ] ] } },
{ "type": "Feature", "properties": { "gpkg_fid": 176, "felt:feature": 176, "felt:has_geometry": true, "Group Member": "Niki", "Photograph Number": "", "Year": "1950", "Title": "[Exterior view of Widener Library, photograph, ca. 1950]", "Photographer": "Harvard University Archives HUV 49 (22-1a)", "Given Information": "HUV 49 (22-1a) Exterior view of Widener Library, ca. 1950", "Added Description": "View of the paths in front of Widener", "Coordinates": "42.374442, -71.116661", "Y": "42.374442", "X": "-71.116661", "Link to Image": "http://id.lib.harvard.edu/images/olvwork368370/catalog", "Image Address (old)": "", "Image Address": "https://i.imgur.com/OnLbc3n.png" }, "geometry": { "type": "MultiPoint", "coordinates": [ [ -71.116661, 42.374442 ] ] } },
{ "type": "Feature", "properties": { "gpkg_fid": 177, "felt:feature": 177, "felt:has_geometry": true, "Group Member": "Niki", "Photograph Number": "", "Year": "1950", "Title": "Widener Library [exterior view, photograph, ca. 1950]", "Photographer": "Harvard University Archives HUV 49 (20-2)", "Given Information": "Widener Library exterior view, ca. 1950", "Added Description": "Right side of Widener Library and Wigglesworth Hall B", "Coordinates": "42.373875, -71.116826", "Y": "42.373875", "X": "-71.116826", "Link to Image": "http://id.lib.harvard.edu/images/olvwork368368/catalog", "Image Address (old)": "https://ids.lib.harvard.edu/ids/iiif/6593170/full/,150/0/default.jpg", "Image Address": "https://i.imgur.com/S7KfhY1.png" }, "geometry": { "type": "MultiPoint", "coordinates": [ [ -71.116826, 42.373875 ] ] } },
{ "type": "Feature", "properties": { "gpkg_fid": 178, "felt:feature": 178, "felt:has_geometry": true, "Group Member": "Niki", "Photograph Number": "", "Year": "1958", "Title": "[Widener Library in winter, photograph, 1958]", "Photographer": "Harvard University Archives HUV 49 (23-1)", "Given Information": "HUV 49 (23-1) Widener Library in winter, 1958", "Added Description": "View of the paths in front of Widener Library covered in snow", "Coordinates": "42.374297, -71.116704", "Y": "42.374297", "X": "-71.116704", "Link to Image": "http://id.lib.harvard.edu/images/olvwork368375/catalog", "Image Address (old)": "", "Image Address": "https://i.imgur.com/Niw6nQb.png" }, "geometry": { "type": "MultiPoint", "coordinates": [ [ -71.116704, 42.374297 ] ] } },
{ "type": "Feature", "properties": { "gpkg_fid": 179, "felt:feature": 179, "felt:has_geometry": true, "Group Member": "Niki", "Photograph Number": "", "Year": "1960", "Title": "[Students on the steps of Widener Library, photograph, Summer 1960]", "Photographer": "Harvard University Archives HUV 49 (22-10)", "Given Information": "HUV 49 (22-10) Students on the steps of Widener Library, Summer 1960", "Added Description": "Students on the steps of Widener Library with Weld Hall in the background", "Coordinates": "42.373827, -71.116034", "Y": "42.373827", "X": "-71.116034", "Link to Image": "http://id.lib.harvard.edu/images/olvwork368374/catalog", "Image Address (old)": "", "Image Address": "https://i.imgur.com/Xrozv9x.png" }, "geometry": { "type": "MultiPoint", "coordinates": [ [ -71.116034, 42.373827 ] ] } },
{ "type": "Feature", "properties": { "gpkg_fid": 180, "felt:feature": 180, "felt:has_geometry": true, "Group Member": "Niki", "Photograph Number": "", "Year": "1963", "Title": "[Construction equipment in front of Widener Library, photograph, 1963]", "Photographer": "", "Given Information": "", "Added Description": "Construction occuring in front of Widener Library", "Coordinates": "42.374055, -71.116766", "Y": "42.374055", "X": "-71.116766", "Link to Image": "http://id.lib.harvard.edu/images/olvwork368373/catalog", "Image Address (old)": "", "Image Address": "https://i.imgur.com/zG6M42d.png" }, "geometry": { "type": "MultiPoint", "coordinates": [ [ -71.116766, 42.374055 ] ] } },
{ "type": "Feature", "properties": { "gpkg_fid": 181, "felt:feature": 181, "felt:has_geometry": true, "Group Member": "Niki", "Photograph Number": "", "Year": "1963", "Title": "[Crane lifting box to Widener Library roof, photograph, 1963]", "Photographer": "", "Given Information": "", "Added Description": "A crane lifts a box to the top of Widener Library", "Coordinates": "42.373951, -71.116569", "Y": "42.373951", "X": "-71.116569", "Link to Image": "http://id.lib.harvard.edu/images/olvwork368372/catalog", "Image Address (old)": "", "Image Address": "https://i.imgur.com/4G7mLWk.png" }, "geometry": { "type": "MultiPoint", "coordinates": [ [ -71.116569, 42.373951 ] ] } },
{ "type": "Feature", "properties": { "gpkg_fid": 182, "felt:feature": 182, "felt:has_geometry": true, "Group Member": "Niki", "Photograph Number": "", "Year": "1965", "Title": "[Exterior view of Widener Library, February 20, 1965, photograph]", "Photographer": "", "Given Information": "", "Added Description": "View of the paths in front of Widener Library covered in snow", "Coordinates": "42.374146, -71.116734", "Y": "42.374146", "X": "-71.116734", "Link to Image": "http://id.lib.harvard.edu/images/olvwork368369/catalog", "Image Address (old)": "", "Image Address": "https://i.imgur.com/BHwKiVg.png" }, "geometry": { "type": "MultiPoint", "coordinates": [ [ -71.116734, 42.374146 ] ] } },
{ "type": "Feature", "properties": { "gpkg_fid": 183, "felt:feature": 183, "felt:has_geometry": true, "Group Member": "Niki", "Photograph Number": "", "Year": "Date Unknown", "Title": "View of Widener Memorial Library", "Photographer": "Radcliffe College Archives LC 107-1-12", "Given Information": "NA", "Added Description": "Students gathered by a tree in front of Widener Library", "Coordinates": "42.374065, -71.116515", "Y": "42.374065", "X": "-71.116515", "Link to Image": "http://id.lib.harvard.edu/images/olvwork346956/catalog", "Image Address (old)": "", "Image Address": "https://i.imgur.com/BvWAlQM.png" }, "geometry": { "type": "MultiPoint", "coordinates": [ [ -71.116515, 42.374065 ] ] } },
{ "type": "Feature", "properties": { "gpkg_fid": 184, "felt:feature": 184, "felt:has_geometry": true, "Group Member": "Niki", "Photograph Number": "", "Year": "Date Unknown", "Title": "Exterior view of Widener Library", "Photographer": "", "Given Information": "", "Added Description": "Photo of the front entrance of Widener Library during an event", "Coordinates": "42.373908, -71.116341", "Y": "42.373908", "X": "-71.116341", "Link to Image": "https://images.hollis.harvard.edu/permalink/f/100kie6/HVD_VIAolvwork346947", "Image Address (old)": "", "Image Address": "https://i.imgur.com/ACOvu72.png" }, "geometry": { "type": "MultiPoint", "coordinates": [ [ -71.116341, 42.373908 ] ] } },
{ "type": "Feature", "properties": { "gpkg_fid": 185, "felt:feature": 185, "felt:has_geometry": true, "Group Member": "Niki", "Photograph Number": "", "Year": "Date Unknown", "Title": "Exterior view of Widener Memorial Library", "Photographer": "", "Given Information": "", "Added Description": "Exterior view of Widener Library in the spring", "Coordinates": "42.373920, -71.115966", "Y": "42.37392", "X": "-71.115966", "Link to Image": "http://id.lib.harvard.edu/images/olvwork346949/catalog", "Image Address (old)": "", "Image Address": "https://i.imgur.com/YzwGNVs.png" }, "geometry": { "type": "MultiPoint", "coordinates": [ [ -71.115966, 42.37392 ] ] } },
{ "type": "Feature", "properties": { "gpkg_fid": 186, "felt:feature": 186, "felt:has_geometry": true, "Group Member": "Niki", "Photograph Number": "", "Year": "Date Unknown", "Title": "View of Widener Memorial Library", "Photographer": "", "Given Information": "", "Added Description": "Photo of the yard from the vantage point of Widener Library", "Coordinates": "42.373874, -71.116239", "Y": "42.373874", "X": "-71.116239", "Link to Image": "https://images.hollis.harvard.edu/permalink/f/100kie6/HVD_VIAolvwork346950", "Image Address (old)": "", "Image Address": "https://i.imgur.com/Fmdbfg4.png" }, "geometry": { "type": "MultiPoint", "coordinates": [ [ -71.116239, 42.373874 ] ] } }
]
}
